"filename", "language", "TypeScript", "Markdown", "WebAssembly Text Format", "JSON", "JSON with Comments", "HTML", "JavaScript", "comment", "blank", "total"
"/Users/philliphanson/Documents/Design/web/hson/hson-demo2/CLOUDFLARE.md", "Markdown", 0, 72, 0, 0, 0, 0, 0, 0, 23, 95
"/Users/philliphanson/Documents/Design/web/hson/hson-demo2/DEPLOYMENT.md", "Markdown", 0, 154, 0, 0, 0, 0, 0, 0, 42, 196
"/Users/philliphanson/Documents/Design/web/hson/hson-demo2/_agent/revised-livetree-api.md", "Markdown", 0, 177, 0, 0, 0, 0, 0, 0, 70, 247
"/Users/philliphanson/Documents/Design/web/hson/hson-demo2/_docs/TODO.md", "Markdown", 0, 69, 0, 0, 0, 0, 0, 75, 21, 165
"/Users/philliphanson/Documents/Design/web/hson/hson-demo2/_docs/color-sudoku.md", "Markdown", 0, 291, 0, 0, 0, 0, 0, 0, 174, 465
"/Users/philliphanson/Documents/Design/web/hson/hson-demo2/agents.md", "Markdown", 0, 39, 0, 0, 0, 0, 0, 20, 15, 74
"/Users/philliphanson/Documents/Design/web/hson/hson-demo2/benchmarks/hson-node-projection.mjs", "JavaScript", 0, 0, 0, 0, 0, 0, 43, 0, 7, 50
"/Users/philliphanson/Documents/Design/web/hson/hson-demo2/index.html", "HTML", 0, 0, 0, 0, 0, 66, 0, 0, 4, 70
"/Users/philliphanson/Documents/Design/web/hson/hson-demo2/package-lock.json", "JSON", 0, 0, 0, 3321, 0, 0, 0, 0, 1, 3322
"/Users/philliphanson/Documents/Design/web/hson/hson-demo2/package.json", "JSON", 0, 0, 0, 134, 0, 0, 0, 0, 1, 135
"/Users/philliphanson/Documents/Design/web/hson/hson-demo2/playwright.config.ts", "TypeScript", 47, 0, 0, 0, 0, 0, 0, 0, 3, 50
"/Users/philliphanson/Documents/Design/web/hson/hson-demo2/public/hson-demo.wasm", "WebAssembly Text Format", 0, 0, 3, 0, 0, 0, 0, 0, 0, 3
"/Users/philliphanson/Documents/Design/web/hson/hson-demo2/public/hson-fireworks.wasm", "WebAssembly Text Format", 0, 0, 4, 0, 0, 0, 0, 0, 0, 4
"/Users/philliphanson/Documents/Design/web/hson/hson-demo2/readme.md", "Markdown", 0, 164, 0, 0, 0, 0, 0, 0, 100, 264
"/Users/philliphanson/Documents/Design/web/hson/hson-demo2/src/app/app.ts", "TypeScript", 66, 0, 0, 0, 0, 0, 0, 8, 15, 89
"/Users/philliphanson/Documents/Design/web/hson/hson-demo2/src/app/boot.ts", "TypeScript", 5, 0, 0, 0, 0, 0, 0, 1, 4, 10
"/Users/philliphanson/Documents/Design/web/hson/hson-demo2/src/app/core/consts/colors.consts.ts", "TypeScript", 149, 0, 0, 0, 0, 0, 0, 12, 34, 195
"/Users/philliphanson/Documents/Design/web/hson/hson-demo2/src/app/core/consts/config.consts.ts", "TypeScript", 15, 0, 0, 0, 0, 0, 0, 2, 6, 23
"/Users/philliphanson/Documents/Design/web/hson/hson-demo2/src/app/core/consts/css.consts.ts", "TypeScript", 8, 0, 0, 0, 0, 0, 0, 3, 3, 14
"/Users/philliphanson/Documents/Design/web/hson/hson-demo2/src/app/core/consts/oklch.consts.ts", "TypeScript", 143, 0, 0, 0, 0, 0, 0, 26, 47, 216
"/Users/philliphanson/Documents/Design/web/hson/hson-demo2/src/app/core/consts/old-rgb.consts.ts", "TypeScript", 146, 0, 0, 0, 0, 0, 0, 25, 37, 208
"/Users/philliphanson/Documents/Design/web/hson/hson-demo2/src/app/core/consts/ui-consts.ts", "TypeScript", 62, 0, 0, 0, 0, 0, 0, 3, 20, 85
"/Users/philliphanson/Documents/Design/web/hson/hson-demo2/src/app/core/helpers/color-helpers.ts", "TypeScript", 149, 0, 0, 0, 0, 0, 0, 0, 45, 194
"/Users/philliphanson/Documents/Design/web/hson/hson-demo2/src/app/core/types/core.types.ts", "TypeScript", 21, 0, 0, 0, 0, 0, 0, 1, 9, 31
"/Users/philliphanson/Documents/Design/web/hson/hson-demo2/src/app/demos/about/about-helpers.ts", "TypeScript", 297, 0, 0, 0, 0, 0, 0, 58, 87, 442
"/Users/philliphanson/Documents/Design/web/hson/hson-demo2/src/app/demos/about/about.consts.ts", "TypeScript", 32, 0, 0, 0, 0, 0, 0, 2, 3, 37
"/Users/philliphanson/Documents/Design/web/hson/hson-demo2/src/app/demos/about/about.css.ts", "TypeScript", 232, 0, 0, 0, 0, 0, 0, 40, 44, 316
"/Users/philliphanson/Documents/Design/web/hson/hson-demo2/src/app/demos/about/about.types.ts", "TypeScript", 24, 0, 0, 0, 0, 0, 0, 3, 7, 34
"/Users/philliphanson/Documents/Design/web/hson/hson-demo2/src/app/demos/about/markdown-parser.ts", "TypeScript", 229, 0, 0, 0, 0, 0, 0, 14, 67, 310
"/Users/philliphanson/Documents/Design/web/hson/hson-demo2/src/app/demos/about/mount-about.ts", "TypeScript", 81, 0, 0, 0, 0, 0, 0, 0, 24, 105
"/Users/philliphanson/Documents/Design/web/hson/hson-demo2/src/app/demos/amoeba/amoebi-geometry.ts", "TypeScript", 263, 0, 0, 0, 0, 0, 0, 0, 23, 286
"/Users/philliphanson/Documents/Design/web/hson/hson-demo2/src/app/demos/amoeba/amoebi.consts.ts", "TypeScript", 75, 0, 0, 0, 0, 0, 0, 1, 8, 84
"/Users/philliphanson/Documents/Design/web/hson/hson-demo2/src/app/demos/amoeba/amoebi.css.ts", "TypeScript", 43, 0, 0, 0, 0, 0, 0, 0, 6, 49
"/Users/philliphanson/Documents/Design/web/hson/hson-demo2/src/app/demos/amoeba/amoebi.types.ts", "TypeScript", 93, 0, 0, 0, 0, 0, 0, 1, 9, 103
"/Users/philliphanson/Documents/Design/web/hson/hson-demo2/src/app/demos/amoeba/make-amoebi.ts", "TypeScript", 597, 0, 0, 0, 0, 0, 0, 6, 100, 703
"/Users/philliphanson/Documents/Design/web/hson/hson-demo2/src/app/demos/bar-bar.ts/mount-bar-bar.ts", "TypeScript", 138, 0, 0, 0, 0, 0, 0, 3, 35, 176
"/Users/philliphanson/Documents/Design/web/hson/hson-demo2/src/app/demos/build/build.consts.ts", "TypeScript", 32, 0, 0, 0, 0, 0, 0, 0, 3, 35
"/Users/philliphanson/Documents/Design/web/hson/hson-demo2/src/app/demos/build/build.css.ts", "TypeScript", 132, 0, 0, 0, 0, 0, 0, 17, 22, 171
"/Users/philliphanson/Documents/Design/web/hson/hson-demo2/src/app/demos/build/build.types.ts", "TypeScript", 30, 0, 0, 0, 0, 0, 0, 11, 11, 52
"/Users/philliphanson/Documents/Design/web/hson/hson-demo2/src/app/demos/build/mount-bp.ts", "TypeScript", 267, 0, 0, 0, 0, 0, 0, 0, 58, 325
"/Users/philliphanson/Documents/Design/web/hson/hson-demo2/src/app/demos/cellsheet/cellsheet-helpers.ts", "TypeScript", 311, 0, 0, 0, 0, 0, 0, 0, 28, 339
"/Users/philliphanson/Documents/Design/web/hson/hson-demo2/src/app/demos/cellsheet/cellsheet.css.ts", "TypeScript", 138, 0, 0, 0, 0, 0, 0, 3, 5, 146
"/Users/philliphanson/Documents/Design/web/hson/hson-demo2/src/app/demos/cellsheet/cellsheet.ts", "TypeScript", 607, 0, 0, 0, 0, 0, 0, 1, 114, 722
"/Users/philliphanson/Documents/Design/web/hson/hson-demo2/src/app/demos/cellsheet/cellsheet.types.ts", "TypeScript", 76, 0, 0, 0, 0, 0, 0, 0, 3, 79
"/Users/philliphanson/Documents/Design/web/hson/hson-demo2/src/app/demos/deck/deck-helpers.ts", "TypeScript", 147, 0, 0, 0, 0, 0, 0, 0, 19, 166
"/Users/philliphanson/Documents/Design/web/hson/hson-demo2/src/app/demos/deck/deck-slides.ts", "TypeScript", 314, 0, 0, 0, 0, 0, 0, 4, 8, 326
"/Users/philliphanson/Documents/Design/web/hson/hson-demo2/src/app/demos/deck/deck.css.ts", "TypeScript", 201, 0, 0, 0, 0, 0, 0, 20, 12, 233
"/Users/philliphanson/Documents/Design/web/hson/hson-demo2/src/app/demos/deck/deck.types.ts", "TypeScript", 50, 0, 0, 0, 0, 0, 0, 0, 7, 57
"/Users/philliphanson/Documents/Design/web/hson/hson-demo2/src/app/demos/deck/mount-deck.ts", "TypeScript", 468, 0, 0, 0, 0, 0, 0, 15, 92, 575
"/Users/philliphanson/Documents/Design/web/hson/hson-demo2/src/app/demos/fleurs/fleurs-cols.ts", "TypeScript", 171, 0, 0, 0, 0, 0, 0, 5, 31, 207
"/Users/philliphanson/Documents/Design/web/hson/hson-demo2/src/app/demos/fleurs/fleurs-helpers.ts", "TypeScript", 21, 0, 0, 0, 0, 0, 0, 4, 9, 34
"/Users/philliphanson/Documents/Design/web/hson/hson-demo2/src/app/demos/fleurs/fleurs.consts.ts", "TypeScript", 150, 0, 0, 0, 0, 0, 0, 0, 19, 169
"/Users/philliphanson/Documents/Design/web/hson/hson-demo2/src/app/demos/fleurs/fleurs.css.ts", "TypeScript", 17, 0, 0, 0, 0, 0, 0, 0, 4, 21
"/Users/philliphanson/Documents/Design/web/hson/hson-demo2/src/app/demos/fleurs/fleurs.ts", "TypeScript", 136, 0, 0, 0, 0, 0, 0, 1, 37, 174
"/Users/philliphanson/Documents/Design/web/hson/hson-demo2/src/app/demos/fleurs/fleurs.types.ts", "TypeScript", 78, 0, 0, 0, 0, 0, 0, 0, 17, 95
"/Users/philliphanson/Documents/Design/web/hson/hson-demo2/src/app/demos/fleurs/render-fleurs.ts", "TypeScript", 321, 0, 0, 0, 0, 0, 0, 7, 100, 428
"/Users/philliphanson/Documents/Design/web/hson/hson-demo2/src/app/demos/inspector/mount-inspector-fixture.ts", "TypeScript", 30, 0, 0, 0, 0, 0, 0, 61, 9, 100
"/Users/philliphanson/Documents/Design/web/hson/hson-demo2/src/app/demos/motes/make-mote.ts", "TypeScript", 86, 0, 0, 0, 0, 0, 0, 9, 20, 115
"/Users/philliphanson/Documents/Design/web/hson/hson-demo2/src/app/demos/motes/motes-init.ts", "TypeScript", 67, 0, 0, 0, 0, 0, 0, 7, 21, 95
"/Users/philliphanson/Documents/Design/web/hson/hson-demo2/src/app/demos/motes/motes.css.ts", "TypeScript", 29, 0, 0, 0, 0, 0, 0, 13, 8, 50
"/Users/philliphanson/Documents/Design/web/hson/hson-demo2/src/app/demos/motes/mount-motes.ts", "TypeScript", 45, 0, 0, 0, 0, 0, 0, 3, 15, 63
"/Users/philliphanson/Documents/Design/web/hson/hson-demo2/src/app/demos/mount-color-sudoku.ts", "TypeScript", 1253, 0, 0, 0, 0, 0, 0, 49, 196, 1498
"/Users/philliphanson/Documents/Design/web/hson/hson-demo2/src/app/demos/oklch/link-colors.ts", "TypeScript", 21, 0, 0, 0, 0, 0, 0, 1, 6, 28
"/Users/philliphanson/Documents/Design/web/hson/hson-demo2/src/app/demos/oklch/mount-oklch.ts", "TypeScript", 314, 0, 0, 0, 0, 0, 0, 14, 72, 400
"/Users/philliphanson/Documents/Design/web/hson/hson-demo2/src/app/demos/oklch/oklch.css.ts", "TypeScript", 164, 0, 0, 0, 0, 0, 0, 9, 27, 200
"/Users/philliphanson/Documents/Design/web/hson/hson-demo2/src/app/demos/oklch/oklch.types.ts", "TypeScript", 33, 0, 0, 0, 0, 0, 0, 0, 8, 41
"/Users/philliphanson/Documents/Design/web/hson/hson-demo2/src/app/demos/parse/browser-circuit-certificate.ts", "TypeScript", 127, 0, 0, 0, 0, 0, 0, 7, 7, 141
"/Users/philliphanson/Documents/Design/web/hson/hson-demo2/src/app/demos/parse/circuit-verification-browser-transport.ts", "TypeScript", 190, 0, 0, 0, 0, 0, 0, 0, 11, 201
"/Users/philliphanson/Documents/Design/web/hson/hson-demo2/src/app/demos/parse/init-pp.ts", "TypeScript", 235, 0, 0, 0, 0, 0, 0, 2, 23, 260
"/Users/philliphanson/Documents/Design/web/hson/hson-demo2/src/app/demos/parse/parsing-verification-coordinator.ts", "TypeScript", 266, 0, 0, 0, 0, 0, 0, 0, 24, 290
"/Users/philliphanson/Documents/Design/web/hson/hson-demo2/src/app/demos/parse/pp-factory.ts", "TypeScript", 195, 0, 0, 0, 0, 0, 0, 1, 42, 238
"/Users/philliphanson/Documents/Design/web/hson/hson-demo2/src/app/demos/parse/pp.css.ts", "TypeScript", 103, 0, 0, 0, 0, 0, 0, 15, 15, 133
"/Users/philliphanson/Documents/Design/web/hson/hson-demo2/src/app/demos/parse/pp.types.ts", "TypeScript", 3, 0, 0, 0, 0, 0, 0, 0, 3, 6
"/Users/philliphanson/Documents/Design/web/hson/hson-demo2/src/app/demos/pointer/point-factory.ts", "TypeScript", 73, 0, 0, 0, 0, 0, 0, 13, 24, 110
"/Users/philliphanson/Documents/Design/web/hson/hson-demo2/src/app/demos/pointer/point.css.ts", "TypeScript", 144, 0, 0, 0, 0, 0, 0, 6, 20, 170
"/Users/philliphanson/Documents/Design/web/hson/hson-demo2/src/app/demos/pointer/point.ts", "TypeScript", 121, 0, 0, 0, 0, 0, 0, 10, 40, 171
"/Users/philliphanson/Documents/Design/web/hson/hson-demo2/src/app/demos/render/render-helpers.ts", "TypeScript", 230, 0, 0, 0, 0, 0, 0, 13, 46, 289
"/Users/philliphanson/Documents/Design/web/hson/hson-demo2/src/app/demos/render/render-json.ts", "TypeScript", 664, 0, 0, 0, 0, 0, 0, 10, 112, 786
"/Users/philliphanson/Documents/Design/web/hson/hson-demo2/src/app/demos/render/render.consts.ts", "TypeScript", 288, 0, 0, 0, 0, 0, 0, 0, 0, 288
"/Users/philliphanson/Documents/Design/web/hson/hson-demo2/src/app/demos/render/render.css.ts", "TypeScript", 195, 0, 0, 0, 0, 0, 0, 4, 4, 203
"/Users/philliphanson/Documents/Design/web/hson/hson-demo2/src/app/demos/render/render.types.ts", "TypeScript", 53, 0, 0, 0, 0, 0, 0, 0, 6, 59
"/Users/philliphanson/Documents/Design/web/hson/hson-demo2/src/app/demos/tests/hosted-client/browser-websocket-socket.ts", "TypeScript", 9, 0, 0, 0, 0, 0, 0, 4, 1, 14
"/Users/philliphanson/Documents/Design/web/hson/hson-demo2/src/app/demos/tests/panel/hosted-test-case-list.ts", "TypeScript", 420, 0, 0, 0, 0, 0, 0, 0, 24, 444
"/Users/philliphanson/Documents/Design/web/hson/hson-demo2/src/app/demos/tests/panel/hosted-test-panel-adapter.ts", "TypeScript", 309, 0, 0, 0, 0, 0, 0, 3, 21, 333
"/Users/philliphanson/Documents/Design/web/hson/hson-demo2/src/app/demos/tests/panel/hosted-test-panel-runtime.ts", "TypeScript", 591, 0, 0, 0, 0, 0, 0, 4, 39, 634
"/Users/philliphanson/Documents/Design/web/hson/hson-demo2/src/app/demos/tests/panel/hosted-test-panel-selection.ts", "TypeScript", 209, 0, 0, 0, 0, 0, 0, 5, 18, 232
"/Users/philliphanson/Documents/Design/web/hson/hson-demo2/src/app/demos/tests/panel/hosted-test-report-summary.ts", "TypeScript", 65, 0, 0, 0, 0, 0, 0, 0, 4, 69
"/Users/philliphanson/Documents/Design/web/hson/hson-demo2/src/app/demos/tests/panel/hosted-test-report-view.ts", "TypeScript", 137, 0, 0, 0, 0, 0, 0, 4, 11, 152
"/Users/philliphanson/Documents/Design/web/hson/hson-demo2/src/app/demos/tests/panel/mount-tp.ts", "TypeScript", 666, 0, 0, 0, 0, 0, 0, 0, 55, 721
"/Users/philliphanson/Documents/Design/web/hson/hson-demo2/src/app/demos/tests/panel/test-helpers.ts", "TypeScript", 84, 0, 0, 0, 0, 0, 0, 0, 7, 91
"/Users/philliphanson/Documents/Design/web/hson/hson-demo2/src/app/demos/tests/panel/test-logger.ts", "TypeScript", 277, 0, 0, 0, 0, 0, 0, 2, 55, 334
"/Users/philliphanson/Documents/Design/web/hson/hson-demo2/src/app/demos/tests/panel/tests.consts.ts", "TypeScript", 12, 0, 0, 0, 0, 0, 0, 1, 5, 18
"/Users/philliphanson/Documents/Design/web/hson/hson-demo2/src/app/demos/tests/panel/tp.css.ts", "TypeScript", 209, 0, 0, 0, 0, 0, 0, 6, 25, 240
"/Users/philliphanson/Documents/Design/web/hson/hson-demo2/src/app/demos/tests/panel/tp.types.ts", "TypeScript", 23, 0, 0, 0, 0, 0, 0, 5, 5, 33
"/Users/philliphanson/Documents/Design/web/hson/hson-demo2/src/app/demos/towl/index.ts", "TypeScript", 56, 0, 0, 0, 0, 0, 0, 0, 1, 57
"/Users/philliphanson/Documents/Design/web/hson/hson-demo2/src/app/demos/towl/mount-towl.ts", "TypeScript", 292, 0, 0, 0, 0, 0, 0, 1, 29, 322
"/Users/philliphanson/Documents/Design/web/hson/hson-demo2/src/app/demos/towl/towl.client.ts", "TypeScript", 165, 0, 0, 0, 0, 0, 0, 1, 44, 210
"/Users/philliphanson/Documents/Design/web/hson/hson-demo2/src/app/demos/towl/towl.consts.ts", "TypeScript", 35, 0, 0, 0, 0, 0, 0, 0, 16, 51
"/Users/philliphanson/Documents/Design/web/hson/hson-demo2/src/app/demos/towl/towl.css.ts", "TypeScript", 122, 0, 0, 0, 0, 0, 0, 0, 17, 139
"/Users/philliphanson/Documents/Design/web/hson/hson-demo2/src/app/demos/towl/towl.room.ts", "TypeScript", 69, 0, 0, 0, 0, 0, 0, 0, 10, 79
"/Users/philliphanson/Documents/Design/web/hson/hson-demo2/src/app/demos/towl/towl.runtime.ts", "TypeScript", 125, 0, 0, 0, 0, 0, 0, 0, 14, 139
"/Users/philliphanson/Documents/Design/web/hson/hson-demo2/src/app/demos/towl/towl.schema.ts", "TypeScript", 25, 0, 0, 0, 0, 0, 0, 0, 5, 30
"/Users/philliphanson/Documents/Design/web/hson/hson-demo2/src/app/demos/towl/towl.state.ts", "TypeScript", 21, 0, 0, 0, 0, 0, 0, 0, 2, 23
"/Users/philliphanson/Documents/Design/web/hson/hson-demo2/src/app/demos/towl/towl.transitions.ts", "TypeScript", 171, 0, 0, 0, 0, 0, 0, 0, 21, 192
"/Users/philliphanson/Documents/Design/web/hson/hson-demo2/src/app/demos/towl/towl.types.ts", "TypeScript", 72, 0, 0, 0, 0, 0, 0, 0, 13, 85
"/Users/philliphanson/Documents/Design/web/hson/hson-demo2/src/app/phases/phase-1-brand/brand.anim-keys.ts", "TypeScript", 57, 0, 0, 0, 0, 0, 0, 1, 15, 73
"/Users/philliphanson/Documents/Design/web/hson/hson-demo2/src/app/phases/phase-1-brand/brand.css.ts", "TypeScript", 57, 0, 0, 0, 0, 0, 0, 1, 7, 65
"/Users/philliphanson/Documents/Design/web/hson/hson-demo2/src/app/phases/phase-1-brand/error-underline.ts", "TypeScript", 114, 0, 0, 0, 0, 0, 0, 8, 25, 147
"/Users/philliphanson/Documents/Design/web/hson/hson-demo2/src/app/phases/phase-1-brand/mount-brand.ts", "TypeScript", 72, 0, 0, 0, 0, 0, 0, 3, 19, 94
"/Users/philliphanson/Documents/Design/web/hson/hson-demo2/src/app/phases/phase-1-brand/zalgo.ts", "TypeScript", 45, 0, 0, 0, 0, 0, 0, 3, 12, 60
"/Users/philliphanson/Documents/Design/web/hson/hson-demo2/src/app/phases/phase-2-splash/make-cloud.ts", "TypeScript", 264, 0, 0, 0, 0, 0, 0, 13, 44, 321
"/Users/philliphanson/Documents/Design/web/hson/hson-demo2/src/app/phases/phase-2-splash/mount-splash.ts", "TypeScript", 221, 0, 0, 0, 0, 0, 0, 15, 35, 271
"/Users/philliphanson/Documents/Design/web/hson/hson-demo2/src/app/phases/phase-2-splash/splash-lifecycle.ts", "TypeScript", 126, 0, 0, 0, 0, 0, 0, 0, 21, 147
"/Users/philliphanson/Documents/Design/web/hson/hson-demo2/src/app/phases/phase-2-splash/splash.anim.ts", "TypeScript", 129, 0, 0, 0, 0, 0, 0, 15, 22, 166
"/Users/philliphanson/Documents/Design/web/hson/hson-demo2/src/app/phases/phase-2-splash/splash.buds.ts", "TypeScript", 116, 0, 0, 0, 0, 0, 0, 8, 14, 138
"/Users/philliphanson/Documents/Design/web/hson/hson-demo2/src/app/phases/phase-2-splash/splash.consts.ts", "TypeScript", 53, 0, 0, 0, 0, 0, 0, 6, 18, 77
"/Users/philliphanson/Documents/Design/web/hson/hson-demo2/src/app/phases/phase-2-splash/splash.css.ts", "TypeScript", 245, 0, 0, 0, 0, 0, 0, 10, 34, 289
"/Users/philliphanson/Documents/Design/web/hson/hson-demo2/src/app/phases/phase-2-splash/splash.keys.ts", "TypeScript", 296, 0, 0, 0, 0, 0, 0, 9, 13, 318
"/Users/philliphanson/Documents/Design/web/hson/hson-demo2/src/app/phases/phase-2-splash/splash.types.ts", "TypeScript", 2, 0, 0, 0, 0, 0, 0, 1, 2, 5
"/Users/philliphanson/Documents/Design/web/hson/hson-demo2/src/app/phases/phase-3-demo/demo.consts.ts", "TypeScript", 45, 0, 0, 0, 0, 0, 0, 1, 11, 57
"/Users/philliphanson/Documents/Design/web/hson/hson-demo2/src/app/phases/phase-3-demo/demo.css.ts", "TypeScript", 162, 0, 0, 0, 0, 0, 0, 11, 30, 203
"/Users/philliphanson/Documents/Design/web/hson/hson-demo2/src/app/phases/phase-3-demo/global.css.ts", "TypeScript", 89, 0, 0, 0, 0, 0, 0, 6, 11, 106
"/Users/philliphanson/Documents/Design/web/hson/hson-demo2/src/app/phases/phase-3-demo/mount-demo.ts", "TypeScript", 351, 0, 0, 0, 0, 0, 0, 5, 73, 429
"/Users/philliphanson/Documents/Design/web/hson/hson-demo2/src/app/phases/phase-3-demo/set-global-css.ts", "TypeScript", 58, 0, 0, 0, 0, 0, 0, 12, 17, 87
"/Users/philliphanson/Documents/Design/web/hson/hson-demo2/src/app/state/state.types.ts", "TypeScript", 43, 0, 0, 0, 0, 0, 0, 2, 14, 59
"/Users/philliphanson/Documents/Design/web/hson/hson-demo2/src/app/state/store.ts", "TypeScript", 145, 0, 0, 0, 0, 0, 0, 7, 39, 191
"/Users/philliphanson/Documents/Design/web/hson/hson-demo2/src/app/ui/panels/panel-simple.ts", "TypeScript", 21, 0, 0, 0, 0, 0, 0, 2, 3, 26
"/Users/philliphanson/Documents/Design/web/hson/hson-demo2/src/app/ui/panels/panels.css.ts", "TypeScript", 117, 0, 0, 0, 0, 0, 0, 9, 16, 142
"/Users/philliphanson/Documents/Design/web/hson/hson-demo2/src/app/ui/panels/panels.types.ts", "TypeScript", 19, 0, 0, 0, 0, 0, 0, 1, 3, 23
"/Users/philliphanson/Documents/Design/web/hson/hson-demo2/src/app/ui/soft-tile/soft-tile-candidates.ts", "TypeScript", 326, 0, 0, 0, 0, 0, 0, 0, 20, 346
"/Users/philliphanson/Documents/Design/web/hson/hson-demo2/src/app/ui/soft-tile/soft-tile-energy.ts", "TypeScript", 90, 0, 0, 0, 0, 0, 0, 0, 4, 94
"/Users/philliphanson/Documents/Design/web/hson/hson-demo2/src/app/ui/soft-tile/soft-tile-field.ts", "TypeScript", 120, 0, 0, 0, 0, 0, 0, 0, 9, 129
"/Users/philliphanson/Documents/Design/web/hson/hson-demo2/src/app/ui/soft-tile/soft-tile.types.ts", "TypeScript", 108, 0, 0, 0, 0, 0, 0, 0, 13, 121
"/Users/philliphanson/Documents/Design/web/hson/hson-demo2/src/app/ui/wordmark/styles/splash.style-wordmark.ts", "TypeScript", 54, 0, 0, 0, 0, 0, 0, 4, 10, 68
"/Users/philliphanson/Documents/Design/web/hson/hson-demo2/src/app/ui/wordmark/wordmark-factory.ts", "TypeScript", 32, 0, 0, 0, 0, 0, 0, 0, 7, 39
"/Users/philliphanson/Documents/Design/web/hson/hson-demo2/src/app/ui/wordmark/wordmark.css.ts", "TypeScript", 68, 0, 0, 0, 0, 0, 0, 2, 16, 86
"/Users/philliphanson/Documents/Design/web/hson/hson-demo2/src/app/ui/wordmark/wordmark.types.ts", "TypeScript", 12, 0, 0, 0, 0, 0, 0, 0, 1, 13
"/Users/philliphanson/Documents/Design/web/hson/hson-demo2/src/app/utils/helpers.ts", "TypeScript", 65, 0, 0, 0, 0, 0, 0, 8, 13, 86
"/Users/philliphanson/Documents/Design/web/hson/hson-demo2/src/app/utils/makers.ts", "TypeScript", 12, 0, 0, 0, 0, 0, 0, 0, 4, 16
"/Users/philliphanson/Documents/Design/web/hson/hson-demo2/src/app/utils/rng.ts", "TypeScript", 13, 0, 0, 0, 0, 0, 0, 2, 1, 16
"/Users/philliphanson/Documents/Design/web/hson/hson-demo2/src/app/utils/skip-controller.ts", "TypeScript", 50, 0, 0, 0, 0, 0, 0, 10, 18, 78
"/Users/philliphanson/Documents/Design/web/hson/hson-demo2/src/app/utils/skip-promise.ts", "TypeScript", 35, 0, 0, 0, 0, 0, 0, 3, 12, 50
"/Users/philliphanson/Documents/Design/web/hson/hson-demo2/src/app/utils/snap-helpers.ts", "TypeScript", 37, 0, 0, 0, 0, 0, 0, 6, 12, 55
"/Users/philliphanson/Documents/Design/web/hson/hson-demo2/src/app/utils/swatch-logger.ts", "TypeScript", 35, 0, 0, 0, 0, 0, 0, 2, 12, 49
"/Users/philliphanson/Documents/Design/web/hson/hson-demo2/src/app/utils/wait.ts", "TypeScript", 181, 0, 0, 0, 0, 0, 0, 21, 36, 238
"/Users/philliphanson/Documents/Design/web/hson/hson-demo2/src/app/widgets/buds-deprecate/bud-config.ts", "TypeScript", 49, 0, 0, 0, 0, 0, 0, 5, 15, 69
"/Users/philliphanson/Documents/Design/web/hson/hson-demo2/src/app/widgets/chips-deprecate/make-btn.ts", "TypeScript", 24, 0, 0, 0, 0, 0, 0, 12, 8, 44
"/Users/philliphanson/Documents/Design/web/hson/hson-demo2/src/app/widgets/columns-deprecate/columns.ts", "TypeScript", 64, 0, 0, 0, 0, 0, 0, 14, 23, 101
"/Users/philliphanson/Documents/Design/web/hson/hson-demo2/src/app/widgets/panel-spawner/panel-spawner.ts", "TypeScript", 424, 0, 0, 0, 0, 0, 0, 6, 24, 454
"/Users/philliphanson/Documents/Design/web/hson/hson-demo2/src/app/widgets/stipple-deprecate?/make-stipple.ts", "TypeScript", 278, 0, 0, 0, 0, 0, 0, 77, 91, 446
"/Users/philliphanson/Documents/Design/web/hson/hson-demo2/src/app/widgets/stipple-deprecate?/stipple.anim-keys.ts", "TypeScript", 23, 0, 0, 0, 0, 0, 0, 4, 4, 31
"/Users/philliphanson/Documents/Design/web/hson/hson-demo2/src/app/widgets/stipple-deprecate?/stipple.css.ts", "TypeScript", 16, 0, 0, 0, 0, 0, 0, 4, 2, 22
"/Users/philliphanson/Documents/Design/web/hson/hson-demo2/src/app/widgets/vines/vines.ts", "TypeScript", 146, 0, 0, 0, 0, 0, 0, 36, 40, 222
"/Users/philliphanson/Documents/Design/web/hson/hson-demo2/src/app/widgets/wasm-fireworks/wasm-fireworks.ts", "TypeScript", 503, 0, 0, 0, 0, 0, 0, 72, 106, 681
"/Users/philliphanson/Documents/Design/web/hson/hson-demo2/src/docs/hson-metadata-downstream-integration.md", "Markdown", 0, 51, 0, 0, 0, 0, 0, 0, 12, 63
"/Users/philliphanson/Documents/Design/web/hson/hson-demo2/src/main.ts", "TypeScript", 9, 0, 0, 0, 0, 0, 0, 2, 7, 18
"/Users/philliphanson/Documents/Design/web/hson/hson-demo2/src/vite-env.d.ts", "TypeScript", 4, 0, 0, 0, 0, 0, 0, 2, 2, 8
"/Users/philliphanson/Documents/Design/web/hson/hson-demo2/tests/AGENTS.md", "Markdown", 0, 39, 0, 0, 0, 0, 0, 0, 22, 61
"/Users/philliphanson/Documents/Design/web/hson/hson-demo2/tests/README.md", "Markdown", 0, 57, 0, 0, 0, 0, 0, 0, 28, 85
"/Users/philliphanson/Documents/Design/web/hson/hson-demo2/tests/docs/architecture.md", "Markdown", 0, 132, 0, 0, 0, 0, 0, 0, 37, 169
"/Users/philliphanson/Documents/Design/web/hson/hson-demo2/tests/docs/hosted-test-server.md", "Markdown", 0, 26, 0, 0, 0, 0, 0, 0, 11, 37
"/Users/philliphanson/Documents/Design/web/hson/hson-demo2/tests/docs/migration-inventory.md", "Markdown", 0, 331, 0, 0, 0, 0, 0, 0, 7, 338
"/Users/philliphanson/Documents/Design/web/hson/hson-demo2/tests/docs/pending-environments.md", "Markdown", 0, 75, 0, 0, 0, 0, 0, 0, 16, 91
"/Users/philliphanson/Documents/Design/web/hson/hson-demo2/tests/docs/surface-inventory.md", "Markdown", 0, 96, 0, 0, 0, 0, 0, 0, 10, 106
"/Users/philliphanson/Documents/Design/web/hson/hson-demo2/tests/docs/workflow.md", "Markdown", 0, 493, 0, 0, 0, 0, 0, 0, 213, 706
"/Users/philliphanson/Documents/Design/web/hson/hson-demo2/tests/fixtures/browser/quid-selector-fixture.html", "HTML", 0, 0, 0, 0, 0, 16, 0, 0, 1, 17
"/Users/philliphanson/Documents/Design/web/hson/hson-demo2/tests/fixtures/browser/quid-selector-fixture.ts", "TypeScript", 105, 0, 0, 0, 0, 0, 0, 0, 14, 119
"/Users/philliphanson/Documents/Design/web/hson/hson-demo2/tests/fixtures/browser/sanitizer-metadata-fixture.html", "HTML", 0, 0, 0, 0, 0, 10, 0, 0, 1, 11
"/Users/philliphanson/Documents/Design/web/hson/hson-demo2/tests/fixtures/browser/sanitizer-metadata-fixture.ts", "TypeScript", 80, 0, 0, 0, 0, 0, 0, 0, 9, 89
"/Users/philliphanson/Documents/Design/web/hson/hson-demo2/tests/fixtures/protocol/external-launcher-protocol-fixture.mjs", "JavaScript", 0, 0, 0, 0, 0, 0, 74, 0, 4, 78
"/Users/philliphanson/Documents/Design/web/hson/hson-demo2/tests/fixtures/transform/hson/hson-tests.ts", "TypeScript", 90, 0, 0, 0, 0, 0, 0, 25, 28, 143
"/Users/philliphanson/Documents/Design/web/hson/hson-demo2/tests/fixtures/transform/html/extra-fixtures.ts", "TypeScript", 76, 0, 0, 0, 0, 0, 0, 0, 13, 89
"/Users/philliphanson/Documents/Design/web/hson/hson-demo2/tests/fixtures/transform/html/html-fixtures.ts", "TypeScript", 290, 0, 0, 0, 0, 0, 0, 86, 100, 476
"/Users/philliphanson/Documents/Design/web/hson/hson-demo2/tests/fixtures/transform/html/html-mdn.html", "HTML", 0, 0, 0, 0, 0, 1708, 0, 14, 105, 1827
"/Users/philliphanson/Documents/Design/web/hson/hson-demo2/tests/fixtures/transform/html/html-mdn.ts", "TypeScript", 0, 0, 0, 0, 0, 0, 0, 3, 1, 4
"/Users/philliphanson/Documents/Design/web/hson/hson-demo2/tests/fixtures/transform/html/htmlstring-new.html", "HTML", 0, 0, 0, 0, 0, 31, 0, 4, 3, 38
"/Users/philliphanson/Documents/Design/web/hson/hson-demo2/tests/fixtures/transform/html/htmlstring.html", "HTML", 0, 0, 0, 0, 0, 150, 0, 5, 2, 157
"/Users/philliphanson/Documents/Design/web/hson/hson-demo2/tests/fixtures/transform/html/new-html-fixtures.ts", "TypeScript", 197, 0, 0, 0, 0, 0, 0, 1, 17, 215
"/Users/philliphanson/Documents/Design/web/hson/hson-demo2/tests/fixtures/transform/json/json-fixtures.ts", "TypeScript", 247, 0, 0, 0, 0, 0, 0, 5, 14, 266
"/Users/philliphanson/Documents/Design/web/hson/hson-demo2/tests/fixtures/transform/json/json-level-2.ts", "TypeScript", 273, 0, 0, 0, 0, 0, 0, 48, 62, 383
"/Users/philliphanson/Documents/Design/web/hson/hson-demo2/tests/fixtures/transform/large/html-gwern.mock.ts", "TypeScript", 922, 0, 0, 0, 0, 0, 0, 1, 2, 925
"/Users/philliphanson/Documents/Design/web/hson/hson-demo2/tests/fixtures/transform/large/html-hackernews.mock.ts", "TypeScript", 1142, 0, 0, 0, 0, 0, 0, 1, 5, 1148
"/Users/philliphanson/Documents/Design/web/hson/hson-demo2/tests/fixtures/transform/large/html-mdn-homepage.html", "HTML", 0, 0, 0, 0, 0, 1710, 0, 14, 105, 1829
"/Users/philliphanson/Documents/Design/web/hson/hson-demo2/tests/fixtures/transform/large/html-wikipedia.mock.ts", "TypeScript", 1040, 0, 0, 0, 0, 0, 0, 1, 5, 1046
"/Users/philliphanson/Documents/Design/web/hson/hson-demo2/tests/fixtures/transform/large/invalid-html.ts", "TypeScript", 26, 0, 0, 0, 0, 0, 0, 7, 8, 41
"/Users/philliphanson/Documents/Design/web/hson/hson-demo2/tests/fixtures/transform/large/json-chunks.mock.ts", "TypeScript", 347, 0, 0, 0, 0, 0, 0, 1, 6, 354
"/Users/philliphanson/Documents/Design/web/hson/hson-demo2/tests/fixtures/transform/large/json-homepage-string.mock.ts", "TypeScript", 125, 0, 0, 0, 0, 0, 0, 0, 4, 129
"/Users/philliphanson/Documents/Design/web/hson/hson-demo2/tests/harness/core/external-launcher-contract.ts", "TypeScript", 11, 0, 0, 0, 0, 0, 0, 1, 2, 14
"/Users/philliphanson/Documents/Design/web/hson/hson-demo2/tests/harness/core/run-selected-test-suites.ts", "TypeScript", 12, 0, 0, 0, 0, 0, 0, 0, 2, 14
"/Users/philliphanson/Documents/Design/web/hson/hson-demo2/tests/harness/core/test-catalog.ts", "TypeScript", 94, 0, 0, 0, 0, 0, 0, 1, 10, 105
"/Users/philliphanson/Documents/Design/web/hson/hson-demo2/tests/harness/core/test-contracts.ts", "TypeScript", 271, 0, 0, 0, 0, 0, 0, 6, 53, 330
"/Users/philliphanson/Documents/Design/web/hson/hson-demo2/tests/harness/core/test-discovery.ts", "TypeScript", 230, 0, 0, 0, 0, 0, 0, 0, 15, 245
"/Users/philliphanson/Documents/Design/web/hson/hson-demo2/tests/harness/core/test-executor.ts", "TypeScript", 135, 0, 0, 0, 0, 0, 0, 0, 11, 146
"/Users/philliphanson/Documents/Design/web/hson/hson-demo2/tests/harness/core/test-run-events.ts", "TypeScript", 44, 0, 0, 0, 0, 0, 0, 0, 3, 47
"/Users/philliphanson/Documents/Design/web/hson/hson-demo2/tests/harness/core/test-runner.ts", "TypeScript", 417, 0, 0, 0, 0, 0, 0, 8, 62, 487
"/Users/philliphanson/Documents/Design/web/hson/hson-demo2/tests/harness/core/test-selected-run.ts", "TypeScript", 159, 0, 0, 0, 0, 0, 0, 8, 16, 183
"/Users/philliphanson/Documents/Design/web/hson/hson-demo2/tests/harness/core/test-selection.ts", "TypeScript", 36, 0, 0, 0, 0, 0, 0, 0, 6, 42
"/Users/philliphanson/Documents/Design/web/hson/hson-demo2/tests/harness/hosted/canonical-portable-test-suites.ts", "TypeScript", 128, 0, 0, 0, 0, 0, 0, 4, 5, 137
"/Users/philliphanson/Documents/Design/web/hson/hson-demo2/tests/harness/hosted/canonical-synthetic-dom-test-suites.ts", "TypeScript", 59, 0, 0, 0, 0, 0, 0, 7, 9, 75
"/Users/philliphanson/Documents/Design/web/hson/hson-demo2/tests/harness/hosted/circuit-verification-contract.ts", "TypeScript", 279, 0, 0, 0, 0, 0, 0, 0, 26, 305
"/Users/philliphanson/Documents/Design/web/hson/hson-demo2/tests/harness/hosted/circuit-verification-livehost.ts", "TypeScript", 32, 0, 0, 0, 0, 0, 0, 1, 2, 35
"/Users/philliphanson/Documents/Design/web/hson/hson-demo2/tests/harness/hosted/deterministic-transform-test-suites.ts", "TypeScript", 32, 0, 0, 0, 0, 0, 0, 1, 2, 35
"/Users/philliphanson/Documents/Design/web/hson/hson-demo2/tests/harness/hosted/final-harness-migration-inventory.ts", "TypeScript", 77, 0, 0, 0, 0, 0, 0, 0, 7, 84
"/Users/philliphanson/Documents/Design/web/hson/hson-demo2/tests/harness/hosted/hosted-all-test-suites.ts", "TypeScript", 161, 0, 0, 0, 0, 0, 0, 5, 14, 180
"/Users/philliphanson/Documents/Design/web/hson/hson-demo2/tests/harness/hosted/hosted-test-action-error.ts", "TypeScript", 47, 0, 0, 0, 0, 0, 0, 0, 8, 55
"/Users/philliphanson/Documents/Design/web/hson/hson-demo2/tests/harness/hosted/hosted-test-action.ts", "TypeScript", 275, 0, 0, 0, 0, 0, 0, 4, 15, 294
"/Users/philliphanson/Documents/Design/web/hson/hson-demo2/tests/harness/hosted/hosted-test-action.types.ts", "TypeScript", 71, 0, 0, 0, 0, 0, 0, 0, 11, 82
"/Users/philliphanson/Documents/Design/web/hson/hson-demo2/tests/harness/hosted/hosted-test-application.ts", "TypeScript", 466, 0, 0, 0, 0, 0, 0, 2, 22, 490
"/Users/philliphanson/Documents/Design/web/hson/hson-demo2/tests/harness/hosted/hosted-test-application.types.ts", "TypeScript", 16, 0, 0, 0, 0, 0, 0, 0, 4, 20
"/Users/philliphanson/Documents/Design/web/hson/hson-demo2/tests/harness/hosted/hosted-test-case-inspection.ts", "TypeScript", 175, 0, 0, 0, 0, 0, 0, 2, 14, 191
"/Users/philliphanson/Documents/Design/web/hson/hson-demo2/tests/harness/hosted/hosted-test-client-action.ts", "TypeScript", 111, 0, 0, 0, 0, 0, 0, 0, 9, 120
"/Users/philliphanson/Documents/Design/web/hson/hson-demo2/tests/harness/hosted/hosted-test-migration-inventory.ts", "TypeScript", 165, 0, 0, 0, 0, 0, 0, 0, 14, 179
"/Users/philliphanson/Documents/Design/web/hson/hson-demo2/tests/harness/hosted/hosted-test-suite.ts", "TypeScript", 64, 0, 0, 0, 0, 0, 0, 1, 11, 76
"/Users/philliphanson/Documents/Design/web/hson/hson-demo2/tests/harness/hosted/livehost-authority-composition.ts", "TypeScript", 31, 0, 0, 0, 0, 0, 0, 0, 3, 34
"/Users/philliphanson/Documents/Design/web/hson/hson-demo2/tests/harness/hosted/node-safe-hosted-test-suites.ts", "TypeScript", 5, 0, 0, 0, 0, 0, 0, 1, 2, 8
"/Users/philliphanson/Documents/Design/web/hson/hson-demo2/tests/harness/hosted/registered-hosted-test-suites.ts", "TypeScript", 78, 0, 0, 0, 0, 0, 0, 0, 6, 84
"/Users/philliphanson/Documents/Design/web/hson/hson-demo2/tests/harness/hosted/test-surface-catalog.ts", "TypeScript", 387, 0, 0, 0, 0, 0, 0, 0, 22, 409
"/Users/philliphanson/Documents/Design/web/hson/hson-demo2/tests/harness/hosted/towl-authority-application.ts", "TypeScript", 183, 0, 0, 0, 0, 0, 0, 0, 15, 198
"/Users/philliphanson/Documents/Design/web/hson/hson-demo2/tests/harness/index.ts", "TypeScript", 18, 0, 0, 0, 0, 0, 0, 1, 2, 21
"/Users/philliphanson/Documents/Design/web/hson/hson-demo2/tests/harness/reporting/assert-row-status.ts", "TypeScript", 122, 0, 0, 0, 0, 0, 0, 0, 23, 145
"/Users/philliphanson/Documents/Design/web/hson/hson-demo2/tests/harness/reporting/hosted/hosted-test-report-initial.ts", "TypeScript", 111, 0, 0, 0, 0, 0, 0, 1, 13, 125
"/Users/philliphanson/Documents/Design/web/hson/hson-demo2/tests/harness/reporting/hosted/hosted-test-report-initial.types.ts", "TypeScript", 10, 0, 0, 0, 0, 0, 0, 0, 2, 12
"/Users/philliphanson/Documents/Design/web/hson/hson-demo2/tests/harness/reporting/hosted/hosted-test-report-mirror.ts", "TypeScript", 133, 0, 0, 0, 0, 0, 0, 1, 14, 148
"/Users/philliphanson/Documents/Design/web/hson/hson-demo2/tests/harness/reporting/hosted/hosted-test-report-mirror.types.ts", "TypeScript", 29, 0, 0, 0, 0, 0, 0, 0, 5, 34
"/Users/philliphanson/Documents/Design/web/hson/hson-demo2/tests/harness/reporting/hosted/hosted-test-report-router.ts", "TypeScript", 196, 0, 0, 0, 0, 0, 0, 1, 18, 215
"/Users/philliphanson/Documents/Design/web/hson/hson-demo2/tests/harness/reporting/hosted/hosted-test-report-router.types.ts", "TypeScript", 39, 0, 0, 0, 0, 0, 0, 0, 7, 46
"/Users/philliphanson/Documents/Design/web/hson/hson-demo2/tests/harness/reporting/hosted/hosted-test-report-wire.ts", "TypeScript", 268, 0, 0, 0, 0, 0, 0, 1, 25, 294
"/Users/philliphanson/Documents/Design/web/hson/hson-demo2/tests/harness/reporting/hosted/hosted-test-report-wire.types.ts", "TypeScript", 69, 0, 0, 0, 0, 0, 0, 0, 12, 81
"/Users/philliphanson/Documents/Design/web/hson/hson-demo2/tests/harness/reporting/hosted/hosted-test-report.ts", "TypeScript", 351, 0, 0, 0, 0, 0, 0, 0, 22, 373
"/Users/philliphanson/Documents/Design/web/hson/hson-demo2/tests/harness/reporting/hosted/hosted-test-report.types.ts", "TypeScript", 57, 0, 0, 0, 0, 0, 0, 1, 9, 67
"/Users/philliphanson/Documents/Design/web/hson/hson-demo2/tests/harness/reporting/hosted/hosted-test-timing.ts", "TypeScript", 6, 0, 0, 0, 0, 0, 0, 0, 1, 7
"/Users/philliphanson/Documents/Design/web/hson/hson-demo2/tests/harness/reporting/test-recorder.ts", "TypeScript", 81, 0, 0, 0, 0, 0, 0, 2, 15, 98
"/Users/philliphanson/Documents/Design/web/hson/hson-demo2/tests/harness/runtimes/cloudflare/cloudflare-hosted-test-suites.ts", "TypeScript", 50, 0, 0, 0, 0, 0, 0, 0, 5, 55
"/Users/philliphanson/Documents/Design/web/hson/hson-demo2/tests/harness/runtimes/cloudflare/cloudflare-test-executor.ts", "TypeScript", 17, 0, 0, 0, 0, 0, 0, 0, 3, 20
"/Users/philliphanson/Documents/Design/web/hson/hson-demo2/tests/harness/runtimes/cloudflare/cloudflare-websocket-socket.ts", "TypeScript", 62, 0, 0, 0, 0, 0, 0, 0, 7, 69
"/Users/philliphanson/Documents/Design/web/hson/hson-demo2/tests/harness/runtimes/cloudflare/hosted-test-durable-object-runtime.ts", "TypeScript", 62, 0, 0, 0, 0, 0, 0, 2, 8, 72
"/Users/philliphanson/Documents/Design/web/hson/hson-demo2/tests/harness/runtimes/cloudflare/worker-configuration.d.ts", "TypeScript", 11, 0, 0, 0, 0, 0, 0, 2, 1, 14
"/Users/philliphanson/Documents/Design/web/hson/hson-demo2/tests/harness/runtimes/cloudflare/worker-routing.ts", "TypeScript", 33, 0, 0, 0, 0, 0, 0, 0, 7, 40
"/Users/philliphanson/Documents/Design/web/hson/hson-demo2/tests/harness/runtimes/cloudflare/worker.ts", "TypeScript", 60, 0, 0, 0, 0, 0, 0, 3, 9, 72
"/Users/philliphanson/Documents/Design/web/hson/hson-demo2/tests/harness/runtimes/dom/canvas/hosted-canvas-runtime.ts", "TypeScript", 351, 0, 0, 0, 0, 0, 0, 1, 32, 384
"/Users/philliphanson/Documents/Design/web/hson/hson-demo2/tests/harness/runtimes/dom/canvas/hosted-canvas.types.ts", "TypeScript", 94, 0, 0, 0, 0, 0, 0, 0, 7, 101
"/Users/philliphanson/Documents/Design/web/hson/hson-demo2/tests/harness/runtimes/dom/canvas/jsdom-hosted-canvas-suites.ts", "TypeScript", 74, 0, 0, 0, 0, 0, 0, 0, 6, 80
"/Users/philliphanson/Documents/Design/web/hson/hson-demo2/tests/harness/runtimes/dom/hosted-dom-geometry.ts", "TypeScript", 171, 0, 0, 0, 0, 0, 0, 1, 14, 186
"/Users/philliphanson/Documents/Design/web/hson/hson-demo2/tests/harness/runtimes/dom/hosted-dom-migration-inventory.ts", "TypeScript", 225, 0, 0, 0, 0, 0, 0, 0, 21, 246
"/Users/philliphanson/Documents/Design/web/hson/hson-demo2/tests/harness/runtimes/dom/hosted-dom-mutex.ts", "TypeScript", 67, 0, 0, 0, 0, 0, 0, 2, 8, 77
"/Users/philliphanson/Documents/Design/web/hson/hson-demo2/tests/harness/runtimes/dom/hosted-dom-runtime.ts", "TypeScript", 206, 0, 0, 0, 0, 0, 0, 0, 14, 220
"/Users/philliphanson/Documents/Design/web/hson/hson-demo2/tests/harness/runtimes/dom/hosted-test-geometry.ts", "TypeScript", 27, 0, 0, 0, 0, 0, 0, 2, 7, 36
"/Users/philliphanson/Documents/Design/web/hson/hson-demo2/tests/harness/runtimes/dom/jsdom-hosted-test-suites.ts", "TypeScript", 99, 0, 0, 0, 0, 0, 0, 0, 7, 106
"/Users/philliphanson/Documents/Design/web/hson/hson-demo2/tests/harness/runtimes/dom/jsdom.types.d.ts", "TypeScript", 10, 0, 0, 0, 0, 0, 0, 0, 2, 12
"/Users/philliphanson/Documents/Design/web/hson/hson-demo2/tests/harness/runtimes/node/circuit-verification-service.ts", "TypeScript", 726, 0, 0, 0, 0, 0, 0, 0, 46, 772
"/Users/philliphanson/Documents/Design/web/hson/hson-demo2/tests/harness/runtimes/node/circuit-verification-worker.mjs", "JavaScript", 0, 0, 0, 0, 0, 0, 145, 3, 15, 163
"/Users/philliphanson/Documents/Design/web/hson/hson-demo2/tests/harness/runtimes/node/external-library-launchers.ts", "TypeScript", 643, 0, 0, 0, 0, 0, 0, 3, 43, 689
"/Users/philliphanson/Documents/Design/web/hson/hson-demo2/tests/harness/runtimes/node/livehost-node-executor.ts", "TypeScript", 31, 0, 0, 0, 0, 0, 0, 0, 3, 34
"/Users/philliphanson/Documents/Design/web/hson/hson-demo2/tests/harness/runtimes/node/run-node-selected-test-suites.ts", "TypeScript", 101, 0, 0, 0, 0, 0, 0, 0, 7, 108
"/Users/philliphanson/Documents/Design/web/hson/hson-demo2/tests/harness/runtimes/node/run-node-selected-verifications.ts", "TypeScript", 435, 0, 0, 0, 0, 0, 0, 2, 25, 462
"/Users/philliphanson/Documents/Design/web/hson/hson-demo2/tests/harness/runtimes/node/server/hosted-test-server-entry.node.ts", "TypeScript", 7, 0, 0, 0, 0, 0, 0, 0, 2, 9
"/Users/philliphanson/Documents/Design/web/hson/hson-demo2/tests/harness/runtimes/node/server/hosted-test-server-process.ts", "TypeScript", 166, 0, 0, 0, 0, 0, 0, 0, 9, 175
"/Users/philliphanson/Documents/Design/web/hson/hson-demo2/tests/harness/runtimes/node/server/hosted-test-server-production-entry.node.ts", "TypeScript", 12, 0, 0, 0, 0, 0, 0, 0, 2, 14
"/Users/philliphanson/Documents/Design/web/hson/hson-demo2/tests/harness/runtimes/node/server/hosted-test-server.ts", "TypeScript", 122, 0, 0, 0, 0, 0, 0, 0, 4, 126
"/Users/philliphanson/Documents/Design/web/hson/hson-demo2/tests/harness/runtimes/node/server/node-circuit-verification-application.ts", "TypeScript", 91, 0, 0, 0, 0, 0, 0, 0, 8, 99
"/Users/philliphanson/Documents/Design/web/hson/hson-demo2/tests/harness/runtimes/node/server/node-hosted-tests-application.ts", "TypeScript", 154, 0, 0, 0, 0, 0, 0, 0, 7, 161
"/Users/philliphanson/Documents/Design/web/hson/hson-demo2/tests/harness/runtimes/node/server/node-production-security.ts", "TypeScript", 85, 0, 0, 0, 0, 0, 0, 0, 5, 90
"/Users/philliphanson/Documents/Design/web/hson/hson-demo2/tests/harness/runtimes/node/server/node-towl-application.ts", "TypeScript", 106, 0, 0, 0, 0, 0, 0, 0, 7, 113
"/Users/philliphanson/Documents/Design/web/hson/hson-demo2/tests/helpers/freeze.ts", "TypeScript", 1, 0, 0, 0, 0, 0, 0, 1, 1, 3
"/Users/philliphanson/Documents/Design/web/hson/hson-demo2/tests/helpers/hson/hson-metadata-helpers.ts", "TypeScript", 6, 0, 0, 0, 0, 0, 0, 0, 3, 9
"/Users/philliphanson/Documents/Design/web/hson/hson-demo2/tests/helpers/transform/browser-transform-oracle.ts", "TypeScript", 40, 0, 0, 0, 0, 0, 0, 1, 2, 43
"/Users/philliphanson/Documents/Design/web/hson/hson-demo2/tests/integration/browser/app-boot.spec.ts", "TypeScript", 137, 0, 0, 0, 0, 0, 0, 0, 14, 151
"/Users/philliphanson/Documents/Design/web/hson/hson-demo2/tests/integration/browser/app-test-support.ts", "TypeScript", 30, 0, 0, 0, 0, 0, 0, 0, 5, 35
"/Users/philliphanson/Documents/Design/web/hson/hson-demo2/tests/integration/browser/build.spec.ts", "TypeScript", 37, 0, 0, 0, 0, 0, 0, 0, 8, 45
"/Users/philliphanson/Documents/Design/web/hson/hson-demo2/tests/integration/browser/parse-verification-performance.spec.ts", "TypeScript", 106, 0, 0, 0, 0, 0, 0, 0, 5, 111
"/Users/philliphanson/Documents/Design/web/hson/hson-demo2/tests/integration/browser/parse-verification.spec.ts", "TypeScript", 138, 0, 0, 0, 0, 0, 0, 0, 12, 150
"/Users/philliphanson/Documents/Design/web/hson/hson-demo2/tests/integration/browser/parse.spec.ts", "TypeScript", 149, 0, 0, 0, 0, 0, 0, 0, 22, 171
"/Users/philliphanson/Documents/Design/web/hson/hson-demo2/tests/integration/browser/quid-selector.spec.ts", "TypeScript", 80, 0, 0, 0, 0, 0, 0, 0, 9, 89
"/Users/philliphanson/Documents/Design/web/hson/hson-demo2/tests/integration/browser/sanitizer-metadata.spec.ts", "TypeScript", 73, 0, 0, 0, 0, 0, 0, 0, 11, 84
"/Users/philliphanson/Documents/Design/web/hson/hson-demo2/tests/integration/browser/towl-rooms.spec.ts", "TypeScript", 63, 0, 0, 0, 0, 0, 0, 0, 9, 72
"/Users/philliphanson/Documents/Design/web/hson/hson-demo2/tests/integration/browser/tsconfig.json", "JSON with Comments", 0, 0, 0, 0, 14, 0, 0, 0, 1, 15
"/Users/philliphanson/Documents/Design/web/hson/hson-demo2/tests/integration/cloudflare/run-hosted-cloudflare.node.mts", "TypeScript", 346, 0, 0, 0, 0, 0, 0, 0, 18, 364
"/Users/philliphanson/Documents/Design/web/hson/hson-demo2/tests/runners/app/run-amoebi-geometry.node.mts", "TypeScript", 112, 0, 0, 0, 0, 0, 0, 0, 7, 119
"/Users/philliphanson/Documents/Design/web/hson/hson-demo2/tests/runners/app/run-soft-tile.node.mts", "TypeScript", 88, 0, 0, 0, 0, 0, 0, 0, 8, 96
"/Users/philliphanson/Documents/Design/web/hson/hson-demo2/tests/runners/app/run-splash-lifecycle.node.mts", "TypeScript", 187, 0, 0, 0, 0, 0, 0, 0, 24, 211
"/Users/philliphanson/Documents/Design/web/hson/hson-demo2/tests/runners/diagnostics/run-generated-json.node.mts", "TypeScript", 27, 0, 0, 0, 0, 0, 0, 0, 3, 30
"/Users/philliphanson/Documents/Design/web/hson/hson-demo2/tests/runners/harness/run-canonical-tests.node.mts", "TypeScript", 45, 0, 0, 0, 0, 0, 0, 0, 5, 50
"/Users/philliphanson/Documents/Design/web/hson/hson-demo2/tests/runners/harness/run-external-launcher-protocol.node.mts", "TypeScript", 107, 0, 0, 0, 0, 0, 0, 0, 12, 119
"/Users/philliphanson/Documents/Design/web/hson/hson-demo2/tests/runners/harness/run-external-library-launchers.node.mts", "TypeScript", 593, 0, 0, 0, 0, 0, 0, 0, 16, 609
"/Users/philliphanson/Documents/Design/web/hson/hson-demo2/tests/runners/harness/run-hosted-test-performance.node.mts", "TypeScript", 197, 0, 0, 0, 0, 0, 0, 0, 9, 206
"/Users/philliphanson/Documents/Design/web/hson/hson-demo2/tests/runners/harness/run-inclusive-library-verification.node.mts", "TypeScript", 160, 0, 0, 0, 0, 0, 0, 0, 7, 167
"/Users/philliphanson/Documents/Design/web/hson/hson-demo2/tests/runners/harness/run-stage-2-contracts.node.mts", "TypeScript", 109, 0, 0, 0, 0, 0, 0, 0, 9, 118
"/Users/philliphanson/Documents/Design/web/hson/hson-demo2/tests/runners/harness/run-stage-3-discovery.node.mts", "TypeScript", 207, 0, 0, 0, 0, 0, 0, 0, 9, 216
"/Users/philliphanson/Documents/Design/web/hson/hson-demo2/tests/runners/harness/run-stage-4a-selected.node.mts", "TypeScript", 315, 0, 0, 0, 0, 0, 0, 0, 15, 330
"/Users/philliphanson/Documents/Design/web/hson/hson-demo2/tests/runners/harness/run-stage-4b-panel.node.mts", "TypeScript", 253, 0, 0, 0, 0, 0, 0, 0, 11, 264
"/Users/philliphanson/Documents/Design/web/hson/hson-demo2/tests/runners/harness/run-stage-5a-corpus.node.mts", "TypeScript", 130, 0, 0, 0, 0, 0, 0, 0, 9, 139
"/Users/philliphanson/Documents/Design/web/hson/hson-demo2/tests/runners/harness/run-stage-5b-dom.node.mts", "TypeScript", 311, 0, 0, 0, 0, 0, 0, 0, 13, 324
"/Users/philliphanson/Documents/Design/web/hson/hson-demo2/tests/runners/harness/run-stage-5c-closeout.node.mts", "TypeScript", 240, 0, 0, 0, 0, 0, 0, 0, 12, 252
"/Users/philliphanson/Documents/Design/web/hson/hson-demo2/tests/runners/harness/run-test-runner-truthfulness.node.mts", "TypeScript", 350, 0, 0, 0, 0, 0, 0, 0, 27, 377
"/Users/philliphanson/Documents/Design/web/hson/hson-demo2/tests/runners/harness/run-test-surface-enumeration.node.mts", "TypeScript", 307, 0, 0, 0, 0, 0, 0, 0, 11, 318
"/Users/philliphanson/Documents/Design/web/hson/hson-demo2/tests/runners/livehost/measure-circuit-worker.node.mts", "TypeScript", 152, 0, 0, 0, 0, 0, 0, 0, 12, 164
"/Users/philliphanson/Documents/Design/web/hson/hson-demo2/tests/runners/livehost/run-hosted-all-real-websocket.node.mts", "TypeScript", 166, 0, 0, 0, 0, 0, 0, 0, 9, 175
"/Users/philliphanson/Documents/Design/web/hson/hson-demo2/tests/runners/livehost/run-hosted-app-boundary.node.mts", "TypeScript", 117, 0, 0, 0, 0, 0, 0, 0, 6, 123
"/Users/philliphanson/Documents/Design/web/hson/hson-demo2/tests/runners/livehost/run-hosted-canvas-collection.node.mts", "TypeScript", 96, 0, 0, 0, 0, 0, 0, 0, 8, 104
"/Users/philliphanson/Documents/Design/web/hson/hson-demo2/tests/runners/livehost/run-hosted-canvas-real-websocket.node.mts", "TypeScript", 42, 0, 0, 0, 0, 0, 0, 0, 5, 47
"/Users/philliphanson/Documents/Design/web/hson/hson-demo2/tests/runners/livehost/run-hosted-canvas-runtime.node.mts", "TypeScript", 100, 0, 0, 0, 0, 0, 0, 0, 13, 113
"/Users/philliphanson/Documents/Design/web/hson/hson-demo2/tests/runners/livehost/run-hosted-case-inspection.node.mts", "TypeScript", 174, 0, 0, 0, 0, 0, 0, 0, 14, 188
"/Users/philliphanson/Documents/Design/web/hson/hson-demo2/tests/runners/livehost/run-hosted-deployment.node.mts", "TypeScript", 208, 0, 0, 0, 0, 0, 0, 0, 13, 221
"/Users/philliphanson/Documents/Design/web/hson/hson-demo2/tests/runners/livehost/run-hosted-dom-behavior-diagnostics.node.mts", "TypeScript", 61, 0, 0, 0, 0, 0, 0, 0, 6, 67
"/Users/philliphanson/Documents/Design/web/hson/hson-demo2/tests/runners/livehost/run-hosted-dom-collection.node.mts", "TypeScript", 73, 0, 0, 0, 0, 0, 0, 0, 3, 76
"/Users/philliphanson/Documents/Design/web/hson/hson-demo2/tests/runners/livehost/run-hosted-dom-compatibility.node.mts", "TypeScript", 56, 0, 0, 0, 0, 0, 0, 0, 6, 62
"/Users/philliphanson/Documents/Design/web/hson/hson-demo2/tests/runners/livehost/run-hosted-dom-layout-diagnostics.node.mts", "TypeScript", 52, 0, 0, 0, 0, 0, 0, 0, 6, 58
"/Users/philliphanson/Documents/Design/web/hson/hson-demo2/tests/runners/livehost/run-hosted-dom-real-websocket.node.mts", "TypeScript", 30, 0, 0, 0, 0, 0, 0, 0, 4, 34
"/Users/philliphanson/Documents/Design/web/hson/hson-demo2/tests/runners/livehost/run-hosted-generic-livehost.node.mts", "TypeScript", 103, 0, 0, 0, 0, 0, 0, 0, 6, 109
"/Users/philliphanson/Documents/Design/web/hson/hson-demo2/tests/runners/livehost/run-hosted-jsdom-runtime.node.mts", "TypeScript", 172, 0, 0, 0, 0, 0, 0, 0, 10, 182
"/Users/philliphanson/Documents/Design/web/hson/hson-demo2/tests/runners/livehost/run-hosted-multi-suite-concurrent.node.mts", "TypeScript", 111, 0, 0, 0, 0, 0, 0, 0, 10, 121
"/Users/philliphanson/Documents/Design/web/hson/hson-demo2/tests/runners/livehost/run-hosted-node-all.node.mts", "TypeScript", 90, 0, 0, 0, 0, 0, 0, 0, 10, 100
"/Users/philliphanson/Documents/Design/web/hson/hson-demo2/tests/runners/livehost/run-hosted-real-websocket.node.mts", "TypeScript", 23, 0, 0, 0, 0, 0, 0, 0, 3, 26
"/Users/philliphanson/Documents/Design/web/hson/hson-demo2/tests/runners/livehost/run-hosted-replay-action.node.mts", "TypeScript", 8, 0, 0, 0, 0, 0, 0, 0, 2, 10
"/Users/philliphanson/Documents/Design/web/hson/hson-demo2/tests/runners/livehost/run-hosted-replay-concurrent.node.mts", "TypeScript", 162, 0, 0, 0, 0, 0, 0, 0, 13, 175
"/Users/philliphanson/Documents/Design/web/hson/hson-demo2/tests/runners/livehost/run-hosted-replay-events.node.mts", "TypeScript", 253, 0, 0, 0, 0, 0, 0, 0, 12, 265
"/Users/philliphanson/Documents/Design/web/hson/hson-demo2/tests/runners/livehost/run-hosted-replay-router.node.mts", "TypeScript", 130, 0, 0, 0, 0, 0, 0, 0, 9, 139
"/Users/philliphanson/Documents/Design/web/hson/hson-demo2/tests/runners/livehost/run-hosted-report-performance.node.mts", "TypeScript", 118, 0, 0, 0, 0, 0, 0, 0, 10, 128
"/Users/philliphanson/Documents/Design/web/hson/hson-demo2/tests/runners/livehost/run-hosted-retry-classification.node.mts", "TypeScript", 61, 0, 0, 0, 0, 0, 0, 0, 7, 68
"/Users/philliphanson/Documents/Design/web/hson/hson-demo2/tests/runners/livehost/run-hosted-run-identity.node.mts", "TypeScript", 113, 0, 0, 0, 0, 0, 0, 0, 13, 126
"/Users/philliphanson/Documents/Design/web/hson/hson-demo2/tests/runners/livehost/run-hosted-sanitizer.node.mts", "TypeScript", 42, 0, 0, 0, 0, 0, 0, 0, 5, 47
"/Users/philliphanson/Documents/Design/web/hson/hson-demo2/tests/runners/livehost/run-hosted-stale-suite-real-websocket.node.mts", "TypeScript", 43, 0, 0, 0, 0, 0, 0, 0, 5, 48
"/Users/philliphanson/Documents/Design/web/hson/hson-demo2/tests/runners/livehost/run-hosted-suite-registry.node.mts", "TypeScript", 95, 0, 0, 0, 0, 0, 0, 0, 5, 100
"/Users/philliphanson/Documents/Design/web/hson/hson-demo2/tests/runners/livehost/run-hosted-test-panel-adapter.node.mts", "TypeScript", 266, 0, 0, 0, 0, 0, 0, 0, 18, 284
"/Users/philliphanson/Documents/Design/web/hson/hson-demo2/tests/runners/livehost/run-hosted-test-panel-projection.node.mts", "TypeScript", 525, 0, 0, 0, 0, 0, 0, 0, 28, 553
"/Users/philliphanson/Documents/Design/web/hson/hson-demo2/tests/runners/livehost/run-hosted-test-report-batch.node.mts", "TypeScript", 82, 0, 0, 0, 0, 0, 0, 0, 11, 93
"/Users/philliphanson/Documents/Design/web/hson/hson-demo2/tests/runners/livehost/run-hosted-test-report-initial.node.mts", "TypeScript", 77, 0, 0, 0, 0, 0, 0, 0, 9, 86
"/Users/philliphanson/Documents/Design/web/hson/hson-demo2/tests/runners/livehost/run-hosted-test-report-mirror.node.mts", "TypeScript", 163, 0, 0, 0, 0, 0, 0, 0, 20, 183
"/Users/philliphanson/Documents/Design/web/hson/hson-demo2/tests/runners/livehost/run-hosted-test-report-protocol.node.mts", "TypeScript", 112, 0, 0, 0, 0, 0, 0, 0, 14, 126
"/Users/philliphanson/Documents/Design/web/hson/hson-demo2/tests/runners/livehost/run-hosted-test-report-router.node.mts", "TypeScript", 223, 0, 0, 0, 0, 0, 0, 0, 27, 250
"/Users/philliphanson/Documents/Design/web/hson/hson-demo2/tests/runners/livehost/run-hosted-test-report-wire.node.mts", "TypeScript", 203, 0, 0, 0, 0, 0, 0, 0, 20, 223
"/Users/philliphanson/Documents/Design/web/hson/hson-demo2/tests/runners/livehost/run-hosted-test-report.node.mts", "TypeScript", 252, 0, 0, 0, 0, 0, 0, 0, 23, 275
"/Users/philliphanson/Documents/Design/web/hson/hson-demo2/tests/runners/livehost/run-hosted-test-timing.node.mts", "TypeScript", 13, 0, 0, 0, 0, 0, 0, 0, 2, 15
"/Users/philliphanson/Documents/Design/web/hson/hson-demo2/tests/runners/livehost/run-hosted-websocket-lifecycle.node.mts", "TypeScript", 108, 0, 0, 0, 0, 0, 0, 0, 7, 115
"/Users/philliphanson/Documents/Design/web/hson/hson-demo2/tests/runners/livehost/run-hson-node-representation.node.mts", "TypeScript", 12, 0, 0, 0, 0, 0, 0, 0, 4, 16
"/Users/philliphanson/Documents/Design/web/hson/hson-demo2/tests/runners/livehost/run-livehost-bootstrap-integration.node.mts", "TypeScript", 155, 0, 0, 0, 0, 0, 0, 0, 9, 164
"/Users/philliphanson/Documents/Design/web/hson/hson-demo2/tests/runners/livehost/run-livetree-allocation.node.mts", "TypeScript", 12, 0, 0, 0, 0, 0, 0, 0, 4, 16
"/Users/philliphanson/Documents/Design/web/hson/hson-demo2/tests/runners/livehost/run-livetree-lifecycle-foundations.node.mts", "TypeScript", 16, 0, 0, 0, 0, 0, 0, 0, 4, 20
"/Users/philliphanson/Documents/Design/web/hson/hson-demo2/tests/runners/livehost/run-livetree-lifecycle-ownership.node.mts", "TypeScript", 16, 0, 0, 0, 0, 0, 0, 0, 4, 20
"/Users/philliphanson/Documents/Design/web/hson/hson-demo2/tests/runners/livehost/run-livetree-lifecycle-public.node.mts", "TypeScript", 16, 0, 0, 0, 0, 0, 0, 0, 4, 20
"/Users/philliphanson/Documents/Design/web/hson/hson-demo2/tests/runners/livehost/run-node-application-host-entry.node.mts", "TypeScript", 85, 0, 0, 0, 0, 0, 0, 0, 7, 92
"/Users/philliphanson/Documents/Design/web/hson/hson-demo2/tests/runners/livehost/run-node-production-runtime.node.mts", "TypeScript", 100, 0, 0, 0, 0, 0, 0, 0, 11, 111
"/Users/philliphanson/Documents/Design/web/hson/hson-demo2/tests/runners/liveinspect/run-live-inspector-materialization.node.mts", "TypeScript", 177, 0, 0, 0, 0, 0, 0, 0, 13, 190
"/Users/philliphanson/Documents/Design/web/hson/hson-demo2/tests/runners/liveinspect/run-live-inspector-scaling.node.mts", "TypeScript", 181, 0, 0, 0, 0, 0, 0, 0, 15, 196
"/Users/philliphanson/Documents/Design/web/hson/hson-demo2/tests/runners/liveinspect/run-live-inspector.node.mts", "TypeScript", 318, 0, 0, 0, 0, 0, 0, 0, 20, 338
"/Users/philliphanson/Documents/Design/web/hson/hson-demo2/tests/runners/livemap/run-replay-suite.node.mts", "TypeScript", 73, 0, 0, 0, 0, 0, 0, 0, 15, 88
"/Users/philliphanson/Documents/Design/web/hson/hson-demo2/tests/runners/livemap/run-replay-suite.ts", "TypeScript", 13, 0, 0, 0, 0, 0, 0, 0, 2, 15
"/Users/philliphanson/Documents/Design/web/hson/hson-demo2/tests/runners/reflect/run-keyed-projection.node.mts", "TypeScript", 367, 0, 0, 0, 0, 0, 0, 0, 38, 405
"/Users/philliphanson/Documents/Design/web/hson/hson-demo2/tests/runners/towl/run-towl-room-suite.node.mts", "TypeScript", 9, 0, 0, 0, 0, 0, 0, 0, 2, 11
"/Users/philliphanson/Documents/Design/web/hson/hson-demo2/tests/runners/towl/run-towl-suites.node.mts", "TypeScript", 9, 0, 0, 0, 0, 0, 0, 0, 2, 11
"/Users/philliphanson/Documents/Design/web/hson/hson-demo2/tests/suites/inspector/inspector.helpers.ts", "TypeScript", 7, 0, 0, 0, 0, 0, 0, 1, 3, 11
"/Users/philliphanson/Documents/Design/web/hson/hson-demo2/tests/suites/livehost/api-suite.ts", "TypeScript", 457, 0, 0, 0, 0, 0, 0, 1, 41, 499
"/Users/philliphanson/Documents/Design/web/hson/hson-demo2/tests/suites/livehost/circuit-livehost-integration-suite.ts", "TypeScript", 379, 0, 0, 0, 0, 0, 0, 0, 14, 393
"/Users/philliphanson/Documents/Design/web/hson/hson-demo2/tests/suites/livehost/circuit-worker-parity-suite.ts", "TypeScript", 66, 0, 0, 0, 0, 0, 0, 0, 4, 70
"/Users/philliphanson/Documents/Design/web/hson/hson-demo2/tests/suites/livehost/circuit-worker-service-suite.ts", "TypeScript", 269, 0, 0, 0, 0, 0, 0, 0, 14, 283
"/Users/philliphanson/Documents/Design/web/hson/hson-demo2/tests/suites/livehost/client-suite.ts", "TypeScript", 907, 0, 0, 0, 0, 0, 0, 1, 60, 968
"/Users/philliphanson/Documents/Design/web/hson/hson-demo2/tests/suites/livehost/core-suite.ts", "TypeScript", 761, 0, 0, 0, 0, 0, 0, 2, 42, 805
"/Users/philliphanson/Documents/Design/web/hson/hson-demo2/tests/suites/livehost/host-disposal-suite.ts", "TypeScript", 270, 0, 0, 0, 0, 0, 0, 0, 11, 281
"/Users/philliphanson/Documents/Design/web/hson/hson-demo2/tests/suites/livehost/hosted-replay-action-in-memory-suite.ts", "TypeScript", 154, 0, 0, 0, 0, 0, 0, 0, 15, 169
"/Users/philliphanson/Documents/Design/web/hson/hson-demo2/tests/suites/livehost/hosted-replay-action.ts", "TypeScript", 39, 0, 0, 0, 0, 0, 0, 0, 5, 44
"/Users/philliphanson/Documents/Design/web/hson/hson-demo2/tests/suites/livehost/in-memory-hosted-test-panel-runtime.ts", "TypeScript", 212, 0, 0, 0, 0, 0, 0, 0, 6, 218
"/Users/philliphanson/Documents/Design/web/hson/hson-demo2/tests/suites/livehost/node-application-host-suite.ts", "TypeScript", 631, 0, 0, 0, 0, 0, 0, 0, 9, 640
"/Users/philliphanson/Documents/Design/web/hson/hson-demo2/tests/suites/livehost/pair-suite.ts", "TypeScript", 1017, 0, 0, 0, 0, 0, 0, 1, 113, 1131
"/Users/philliphanson/Documents/Design/web/hson/hson-demo2/tests/suites/livehost/protocol-suite.ts", "TypeScript", 732, 0, 0, 0, 0, 0, 0, 1, 35, 768
"/Users/philliphanson/Documents/Design/web/hson/hson-demo2/tests/suites/livehost/real-websocket-test-runtime.ts", "TypeScript", 52, 0, 0, 0, 0, 0, 0, 0, 6, 58
"/Users/philliphanson/Documents/Design/web/hson/hson-demo2/tests/suites/livehost/resume-suite.ts", "TypeScript", 258, 0, 0, 0, 0, 0, 0, 1, 32, 291
"/Users/philliphanson/Documents/Design/web/hson/hson-demo2/tests/suites/livehost/session-lifecycle-suite.ts", "TypeScript", 373, 0, 0, 0, 0, 0, 0, 0, 19, 392
"/Users/philliphanson/Documents/Design/web/hson/hson-demo2/tests/suites/livehost/socket-suite.ts", "TypeScript", 761, 0, 0, 0, 0, 0, 0, 1, 46, 808
"/Users/philliphanson/Documents/Design/web/hson/hson-demo2/tests/suites/livehost/store-suite.ts", "TypeScript", 339, 0, 0, 0, 0, 0, 0, 1, 33, 373
"/Users/philliphanson/Documents/Design/web/hson/hson-demo2/tests/suites/livehost/suite-registry.ts", "TypeScript", 31, 0, 0, 0, 0, 0, 0, 1, 5, 37
"/Users/philliphanson/Documents/Design/web/hson/hson-demo2/tests/suites/livehost/sync-suite.ts", "TypeScript", 296, 0, 0, 0, 0, 0, 0, 1, 24, 321
"/Users/philliphanson/Documents/Design/web/hson/hson-demo2/tests/suites/livemap/api-suite.ts", "TypeScript", 336, 0, 0, 0, 0, 0, 0, 1, 21, 358
"/Users/philliphanson/Documents/Design/web/hson/hson-demo2/tests/suites/livemap/assert-helpers.ts", "TypeScript", 57, 0, 0, 0, 0, 0, 0, 3, 8, 68
"/Users/philliphanson/Documents/Design/web/hson/hson-demo2/tests/suites/livemap/batch-suite.ts", "TypeScript", 535, 0, 0, 0, 0, 0, 0, 1, 56, 592
"/Users/philliphanson/Documents/Design/web/hson/hson-demo2/tests/suites/livemap/bind-suite.ts", "TypeScript", 570, 0, 0, 0, 0, 0, 0, 1, 87, 658
"/Users/philliphanson/Documents/Design/web/hson/hson-demo2/tests/suites/livemap/bridge-livetree-2.ts", "TypeScript", 398, 0, 0, 0, 0, 0, 0, 2, 62, 462
"/Users/philliphanson/Documents/Design/web/hson/hson-demo2/tests/suites/livemap/bridge-livetree-suite.ts", "TypeScript", 793, 0, 0, 0, 0, 0, 0, 3, 134, 930
"/Users/philliphanson/Documents/Design/web/hson/hson-demo2/tests/suites/livemap/bridge-suite.ts", "TypeScript", 583, 0, 0, 0, 0, 0, 0, 1, 112, 696
"/Users/philliphanson/Documents/Design/web/hson/hson-demo2/tests/suites/livemap/carrier-mutation-planning-suite.ts", "TypeScript", 265, 0, 0, 0, 0, 0, 0, 0, 11, 276
"/Users/philliphanson/Documents/Design/web/hson/hson-demo2/tests/suites/livemap/compile-tests-api-bulk.ts", "TypeScript", 433, 0, 0, 0, 0, 0, 0, 123, 87, 643
"/Users/philliphanson/Documents/Design/web/hson/hson-demo2/tests/suites/livemap/compile-tests-schema.ts", "TypeScript", 102, 0, 0, 0, 0, 0, 0, 0, 2, 104
"/Users/philliphanson/Documents/Design/web/hson/hson-demo2/tests/suites/livemap/core-helpers.ts", "TypeScript", 472, 0, 0, 0, 0, 0, 0, 0, 40, 512
"/Users/philliphanson/Documents/Design/web/hson/hson-demo2/tests/suites/livemap/core-suite.ts", "TypeScript", 1206, 0, 0, 0, 0, 0, 0, 1, 71, 1278
"/Users/philliphanson/Documents/Design/web/hson/hson-demo2/tests/suites/livemap/core.types.ts", "TypeScript", 156, 0, 0, 0, 0, 0, 0, 0, 19, 175
"/Users/philliphanson/Documents/Design/web/hson/hson-demo2/tests/suites/livemap/document-foundation-suite.ts", "TypeScript", 115, 0, 0, 0, 0, 0, 0, 0, 5, 120
"/Users/philliphanson/Documents/Design/web/hson/hson-demo2/tests/suites/livemap/editor-contract-tests.ts", "TypeScript", 450, 0, 0, 0, 0, 0, 0, 1, 30, 481
"/Users/philliphanson/Documents/Design/web/hson/hson-demo2/tests/suites/livemap/editor-suite.ts", "TypeScript", 218, 0, 0, 0, 0, 0, 0, 0, 12, 230
"/Users/philliphanson/Documents/Design/web/hson/hson-demo2/tests/suites/livemap/equivalence-mutation-matrix-suite.ts", "TypeScript", 105, 0, 0, 0, 0, 0, 0, 0, 5, 110
"/Users/philliphanson/Documents/Design/web/hson/hson-demo2/tests/suites/livemap/equivalence-rejection-isolation-suite.ts", "TypeScript", 104, 0, 0, 0, 0, 0, 0, 0, 9, 113
"/Users/philliphanson/Documents/Design/web/hson/hson-demo2/tests/suites/livemap/equivalence-schema-helper-matrix-suite.ts", "TypeScript", 101, 0, 0, 0, 0, 0, 0, 0, 4, 105
"/Users/philliphanson/Documents/Design/web/hson/hson-demo2/tests/suites/livemap/equivalence-transport-propagation-suite.ts", "TypeScript", 94, 0, 0, 0, 0, 0, 0, 0, 3, 97
"/Users/philliphanson/Documents/Design/web/hson/hson-demo2/tests/suites/livemap/error-handling-suite.ts", "TypeScript", 571, 0, 0, 0, 0, 0, 0, 1, 58, 630
"/Users/philliphanson/Documents/Design/web/hson/hson-demo2/tests/suites/livemap/exact-propagation-suite.ts", "TypeScript", 213, 0, 0, 0, 0, 0, 0, 0, 3, 216
"/Users/philliphanson/Documents/Design/web/hson/hson-demo2/tests/suites/livemap/exact-transport-rejection-suite.ts", "TypeScript", 115, 0, 0, 0, 0, 0, 0, 0, 6, 121
"/Users/philliphanson/Documents/Design/web/hson/hson-demo2/tests/suites/livemap/exact-transport-suite.ts", "TypeScript", 205, 0, 0, 0, 0, 0, 0, 0, 6, 211
"/Users/philliphanson/Documents/Design/web/hson/hson-demo2/tests/suites/livemap/feed-suite.ts", "TypeScript", 685, 0, 0, 0, 0, 0, 0, 1, 59, 745
"/Users/philliphanson/Documents/Design/web/hson/hson-demo2/tests/suites/livemap/feed-test-helpers.ts", "TypeScript", 65, 0, 0, 0, 0, 0, 0, 0, 7, 72
"/Users/philliphanson/Documents/Design/web/hson/hson-demo2/tests/suites/livemap/generated-control-suite.ts", "TypeScript", 386, 0, 0, 0, 0, 0, 0, 1, 51, 438
"/Users/philliphanson/Documents/Design/web/hson/hson-demo2/tests/suites/livemap/guard-suite.ts", "TypeScript", 112, 0, 0, 0, 0, 0, 0, 1, 7, 120
"/Users/philliphanson/Documents/Design/web/hson/hson-demo2/tests/suites/livemap/handle-helpers.ts", "TypeScript", 366, 0, 0, 0, 0, 0, 0, 0, 29, 395
"/Users/philliphanson/Documents/Design/web/hson/hson-demo2/tests/suites/livemap/handle-suite-2.ts", "TypeScript", 931, 0, 0, 0, 0, 0, 0, 0, 21, 952
"/Users/philliphanson/Documents/Design/web/hson/hson-demo2/tests/suites/livemap/handle-suite.ts", "TypeScript", 972, 0, 0, 0, 0, 0, 0, 1, 7, 980
"/Users/philliphanson/Documents/Design/web/hson/hson-demo2/tests/suites/livemap/handle.types.ts", "TypeScript", 144, 0, 0, 0, 0, 0, 0, 1, 2, 147
"/Users/philliphanson/Documents/Design/web/hson/hson-demo2/tests/suites/livemap/html-livemap-suite.ts", "TypeScript", 306, 0, 0, 0, 0, 0, 0, 1, 38, 345
"/Users/philliphanson/Documents/Design/web/hson/hson-demo2/tests/suites/livemap/json-root-node.ts", "TypeScript", 7, 0, 0, 0, 0, 0, 0, 0, 2, 9
"/Users/philliphanson/Documents/Design/web/hson/hson-demo2/tests/suites/livemap/link-contract-suite.ts", "TypeScript", 189, 0, 0, 0, 0, 0, 0, 1, 17, 207
"/Users/philliphanson/Documents/Design/web/hson/hson-demo2/tests/suites/livemap/link-suite.ts", "TypeScript", 921, 0, 0, 0, 0, 0, 0, 1, 67, 989
"/Users/philliphanson/Documents/Design/web/hson/hson-demo2/tests/suites/livemap/livemap-tests.types.ts", "TypeScript", 103, 0, 0, 0, 0, 0, 0, 10, 16, 129
"/Users/philliphanson/Documents/Design/web/hson/hson-demo2/tests/suites/livemap/misc-suite.ts", "TypeScript", 911, 0, 0, 0, 0, 0, 0, 1, 99, 1011
"/Users/philliphanson/Documents/Design/web/hson/hson-demo2/tests/suites/livemap/node-helpers.ts", "TypeScript", 844, 0, 0, 0, 0, 0, 0, 0, 42, 886
"/Users/philliphanson/Documents/Design/web/hson/hson-demo2/tests/suites/livemap/node-suite.ts", "TypeScript", 406, 0, 0, 0, 0, 0, 0, 1, 12, 419
"/Users/philliphanson/Documents/Design/web/hson/hson-demo2/tests/suites/livemap/node-types.ts", "TypeScript", 341, 0, 0, 0, 0, 0, 0, 0, 40, 381
"/Users/philliphanson/Documents/Design/web/hson/hson-demo2/tests/suites/livemap/ordered-object-array-helpers-suite.ts", "TypeScript", 162, 0, 0, 0, 0, 0, 0, 0, 5, 167
"/Users/philliphanson/Documents/Design/web/hson/hson-demo2/tests/suites/livemap/path-handle-suite.ts", "TypeScript", 150, 0, 0, 0, 0, 0, 0, 1, 12, 163
"/Users/philliphanson/Documents/Design/web/hson/hson-demo2/tests/suites/livemap/path-suite.ts", "TypeScript", 212, 0, 0, 0, 0, 0, 0, 1, 9, 222
"/Users/philliphanson/Documents/Design/web/hson/hson-demo2/tests/suites/livemap/projected-equality-suite.ts", "TypeScript", 202, 0, 0, 0, 0, 0, 0, 0, 6, 208
"/Users/philliphanson/Documents/Design/web/hson/hson-demo2/tests/suites/livemap/projected-ingress-suite.ts", "TypeScript", 214, 0, 0, 0, 0, 0, 0, 0, 8, 222
"/Users/philliphanson/Documents/Design/web/hson/hson-demo2/tests/suites/livemap/proxy-suite.ts", "TypeScript", 761, 0, 0, 0, 0, 0, 0, 1, 19, 781
"/Users/philliphanson/Documents/Design/web/hson/hson-demo2/tests/suites/livemap/replay-suite.ts", "TypeScript", 1181, 0, 0, 0, 0, 0, 0, 1, 100, 1282
"/Users/philliphanson/Documents/Design/web/hson/hson-demo2/tests/suites/livemap/rev-suite.ts", "TypeScript", 1221, 0, 0, 0, 0, 0, 0, 0, 128, 1349
"/Users/philliphanson/Documents/Design/web/hson/hson-demo2/tests/suites/livemap/schema-control-suite-2.ts", "TypeScript", 177, 0, 0, 0, 0, 0, 0, 2, 29, 208
"/Users/philliphanson/Documents/Design/web/hson/hson-demo2/tests/suites/livemap/schema-suite.ts", "TypeScript", 2215, 0, 0, 0, 0, 0, 0, 1, 152, 2368
"/Users/philliphanson/Documents/Design/web/hson/hson-demo2/tests/suites/livemap/schema-value-boundary-suite.ts", "TypeScript", 191, 0, 0, 0, 0, 0, 0, 0, 5, 196
"/Users/philliphanson/Documents/Design/web/hson/hson-demo2/tests/suites/livemap/store-suite.ts", "TypeScript", 1013, 0, 0, 0, 0, 0, 0, 3, 139, 1155
"/Users/philliphanson/Documents/Design/web/hson/hson-demo2/tests/suites/livemap/suite-registry.ts", "TypeScript", 128, 0, 0, 0, 0, 0, 0, 2, 18, 148
"/Users/philliphanson/Documents/Design/web/hson/hson-demo2/tests/suites/livemap/test-helpers.ts", "TypeScript", 125, 0, 0, 0, 0, 0, 0, 0, 16, 141
"/Users/philliphanson/Documents/Design/web/hson/hson-demo2/tests/suites/livemap/types.ts", "TypeScript", 45, 0, 0, 0, 0, 0, 0, 0, 10, 55
"/Users/philliphanson/Documents/Design/web/hson/hson-demo2/tests/suites/livetree/TODO-livetree-tests.md", "Markdown", 0, 39, 0, 0, 0, 0, 0, 0, 3, 42
"/Users/philliphanson/Documents/Design/web/hson/hson-demo2/tests/suites/livetree/livetree-01.ts", "TypeScript", 1431, 0, 0, 0, 0, 0, 0, 100, 327, 1858
"/Users/philliphanson/Documents/Design/web/hson/hson-demo2/tests/suites/livetree/livetree-02.ts", "TypeScript", 1101, 0, 0, 0, 0, 0, 0, 6, 254, 1361
"/Users/philliphanson/Documents/Design/web/hson/hson-demo2/tests/suites/livetree/livetree-03.ts", "TypeScript", 556, 0, 0, 0, 0, 0, 0, 5, 155, 716
"/Users/philliphanson/Documents/Design/web/hson/hson-demo2/tests/suites/livetree/livetree-04.ts", "TypeScript", 860, 0, 0, 0, 0, 0, 0, 7, 229, 1096
"/Users/philliphanson/Documents/Design/web/hson/hson-demo2/tests/suites/livetree/livetree-05.ts", "TypeScript", 709, 0, 0, 0, 0, 0, 0, 17, 170, 896
"/Users/philliphanson/Documents/Design/web/hson/hson-demo2/tests/suites/livetree/livetree-06.ts", "TypeScript", 704, 0, 0, 0, 0, 0, 0, 0, 154, 858
"/Users/philliphanson/Documents/Design/web/hson/hson-demo2/tests/suites/livetree/livetree-07.ts", "TypeScript", 235, 0, 0, 0, 0, 0, 0, 4, 73, 312
"/Users/philliphanson/Documents/Design/web/hson/hson-demo2/tests/suites/livetree/livetree-08-dom.ts", "TypeScript", 373, 0, 0, 0, 0, 0, 0, 2, 80, 455
"/Users/philliphanson/Documents/Design/web/hson/hson-demo2/tests/suites/livetree/livetree-09-svg.ts", "TypeScript", 637, 0, 0, 0, 0, 0, 0, 26, 139, 802
"/Users/philliphanson/Documents/Design/web/hson/hson-demo2/tests/suites/livetree/livetree-10-svg-2.ts", "TypeScript", 880, 0, 0, 0, 0, 0, 0, 0, 164, 1044
"/Users/philliphanson/Documents/Design/web/hson/hson-demo2/tests/suites/livetree/livetree-11-svg-3.ts", "TypeScript", 222, 0, 0, 0, 0, 0, 0, 0, 42, 264
"/Users/philliphanson/Documents/Design/web/hson/hson-demo2/tests/suites/livetree/livetree-12-svg-new.ts", "TypeScript", 147, 0, 0, 0, 0, 0, 0, 0, 28, 175
"/Users/philliphanson/Documents/Design/web/hson/hson-demo2/tests/suites/livetree/livetree-13-form.ts", "TypeScript", 195, 0, 0, 0, 0, 0, 0, 2, 29, 226
"/Users/philliphanson/Documents/Design/web/hson/hson-demo2/tests/suites/livetree/livetree-14-canvas.ts", "TypeScript", 599, 0, 0, 0, 0, 0, 0, 0, 160, 759
"/Users/philliphanson/Documents/Design/web/hson/hson-demo2/tests/suites/livetree/livetree-15-canvas-size.ts", "TypeScript", 1109, 0, 0, 0, 0, 0, 0, 6, 300, 1415
"/Users/philliphanson/Documents/Design/web/hson/hson-demo2/tests/suites/livetree/livetree-16-canvas-3.ts", "TypeScript", 861, 0, 0, 0, 0, 0, 0, 5, 238, 1104
"/Users/philliphanson/Documents/Design/web/hson/hson-demo2/tests/suites/livetree/livetree-17-new-vars.ts", "TypeScript", 745, 0, 0, 0, 0, 0, 0, 20, 181, 946
"/Users/philliphanson/Documents/Design/web/hson/hson-demo2/tests/suites/livetree/livetree-18-css-refinements.ts", "TypeScript", 921, 0, 0, 0, 0, 0, 0, 2, 214, 1137
"/Users/philliphanson/Documents/Design/web/hson/hson-demo2/tests/suites/livetree/livetree-19-tree-selector.ts", "TypeScript", 786, 0, 0, 0, 0, 0, 0, 0, 187, 973
"/Users/philliphanson/Documents/Design/web/hson/hson-demo2/tests/suites/livetree/livetree-20-vars-set-get.ts", "TypeScript", 837, 0, 0, 0, 0, 0, 0, 0, 156, 993
"/Users/philliphanson/Documents/Design/web/hson/hson-demo2/tests/suites/livetree/livetree-21-anim-kf.ts", "TypeScript", 978, 0, 0, 0, 0, 0, 0, 1, 219, 1198
"/Users/philliphanson/Documents/Design/web/hson/hson-demo2/tests/suites/livetree/livetree-22-quid-media.ts", "TypeScript", 1104, 0, 0, 0, 0, 0, 0, 14, 204, 1322
"/Users/philliphanson/Documents/Design/web/hson/hson-demo2/tests/suites/livetree/livetree-23-coverage-gaps.ts", "TypeScript", 1016, 0, 0, 0, 0, 0, 0, 0, 219, 1235
"/Users/philliphanson/Documents/Design/web/hson/hson-demo2/tests/suites/livetree/livetree-24-dom-corners.ts", "TypeScript", 783, 0, 0, 0, 0, 0, 0, 0, 138, 921
"/Users/philliphanson/Documents/Design/web/hson/hson-demo2/tests/suites/livetree/livetree-25-regression-2.ts", "TypeScript", 659, 0, 0, 0, 0, 0, 0, 3, 102, 764
"/Users/philliphanson/Documents/Design/web/hson/hson-demo2/tests/suites/livetree/livetree-26-lifecycle-foundations.ts", "TypeScript", 477, 0, 0, 0, 0, 0, 0, 0, 41, 518
"/Users/philliphanson/Documents/Design/web/hson/hson-demo2/tests/suites/livetree/livetree-27-lifecycle-public.ts", "TypeScript", 383, 0, 0, 0, 0, 0, 0, 0, 30, 413
"/Users/philliphanson/Documents/Design/web/hson/hson-demo2/tests/suites/livetree/livetree-28-lifecycle-ownership.ts", "TypeScript", 188, 0, 0, 0, 0, 0, 0, 0, 25, 213
"/Users/philliphanson/Documents/Design/web/hson/hson-demo2/tests/suites/livetree/livetree-29-allocation.ts", "TypeScript", 133, 0, 0, 0, 0, 0, 0, 0, 14, 147
"/Users/philliphanson/Documents/Design/web/hson/hson-demo2/tests/suites/livetree/livetree-30-node-representation.ts", "TypeScript", 371, 0, 0, 0, 0, 0, 0, 0, 19, 390
"/Users/philliphanson/Documents/Design/web/hson/hson-demo2/tests/suites/livetree/make-livetree-suite.ts", "TypeScript", 245, 0, 0, 0, 0, 0, 0, 16, 51, 312
"/Users/philliphanson/Documents/Design/web/hson/hson-demo2/tests/suites/livetree/suite-registry.ts", "TypeScript", 93, 0, 0, 0, 0, 0, 0, 12, 11, 116
"/Users/philliphanson/Documents/Design/web/hson/hson-demo2/tests/suites/towl/suite-registry.ts", "TypeScript", 15, 0, 0, 0, 0, 0, 0, 0, 5, 20
"/Users/philliphanson/Documents/Design/web/hson/hson-demo2/tests/suites/towl/towl-client-suite.ts", "TypeScript", 467, 0, 0, 0, 0, 0, 0, 1, 60, 528
"/Users/philliphanson/Documents/Design/web/hson/hson-demo2/tests/suites/towl/towl-room-suite.ts", "TypeScript", 149, 0, 0, 0, 0, 0, 0, 0, 3, 152
"/Users/philliphanson/Documents/Design/web/hson/hson-demo2/tests/suites/towl/towl-runtime-suite.ts", "TypeScript", 426, 0, 0, 0, 0, 0, 0, 0, 7, 433
"/Users/philliphanson/Documents/Design/web/hson/hson-demo2/tests/suites/towl/towl-state-suite.ts", "TypeScript", 75, 0, 0, 0, 0, 0, 0, 0, 3, 78
"/Users/philliphanson/Documents/Design/web/hson/hson-demo2/tests/suites/towl/towl-test-helpers.ts", "TypeScript", 129, 0, 0, 0, 0, 0, 0, 0, 16, 145
"/Users/philliphanson/Documents/Design/web/hson/hson-demo2/tests/suites/towl/towl-transition-suite.ts", "TypeScript", 209, 0, 0, 0, 0, 0, 0, 0, 6, 215
"/Users/philliphanson/Documents/Design/web/hson/hson-demo2/tests/suites/transform/make-transform-suite.ts", "TypeScript", 81, 0, 0, 0, 0, 0, 0, 1, 17, 99
"/Users/philliphanson/Documents/Design/web/hson/hson-demo2/tests/suites/transform/parsing-browser-certificate-suite.ts", "TypeScript", 219, 0, 0, 0, 0, 0, 0, 2, 8, 229
"/Users/philliphanson/Documents/Design/web/hson/hson-demo2/tests/suites/transform/parsing-verification-coordinator-suite.ts", "TypeScript", 191, 0, 0, 0, 0, 0, 0, 0, 10, 201
"/Users/philliphanson/Documents/Design/web/hson/hson-demo2/tests/suites/transform/quoted-name-suites.ts", "TypeScript", 209, 0, 0, 0, 0, 0, 0, 0, 13, 222
"/Users/philliphanson/Documents/Design/web/hson/hson-demo2/tests/suites/unit/suite-registry.ts", "TypeScript", 29, 0, 0, 0, 0, 0, 0, 13, 19, 61
"/Users/philliphanson/Documents/Design/web/hson/hson-demo2/tests/suites/unit/test-harness-tests.ts", "TypeScript", 129, 0, 0, 0, 0, 0, 0, 0, 12, 141
"/Users/philliphanson/Documents/Design/web/hson/hson-demo2/tests/suites/unit/unit-tests-1.ts", "TypeScript", 674, 0, 0, 0, 0, 0, 0, 26, 162, 862
"/Users/philliphanson/Documents/Design/web/hson/hson-demo2/tests/suites/unit/unit-tests-2.ts", "TypeScript", 630, 0, 0, 0, 0, 0, 0, 35, 184, 849
"/Users/philliphanson/Documents/Design/web/hson/hson-demo2/tests/suites/unit/unit-tests-TODO.md", "Markdown", 0, 20, 0, 0, 0, 0, 0, 0, 5, 25
"/Users/philliphanson/Documents/Design/web/hson/hson-demo2/tests/tools/json-fuzzer/fuzzer-builder.ts", "TypeScript", 236, 0, 0, 0, 0, 0, 0, 8, 44, 288
"/Users/philliphanson/Documents/Design/web/hson/hson-demo2/tsconfig.cloudflare.json", "JSON", 0, 0, 0, 28, 0, 0, 0, 0, 1, 29
"/Users/philliphanson/Documents/Design/web/hson/hson-demo2/tsconfig.json", "JSON with Comments", 0, 0, 0, 0, 27, 0, 0, 0, 4, 31
"/Users/philliphanson/Documents/Design/web/hson/hson-demo2/vite.config.mjs", "JavaScript", 0, 0, 0, 0, 0, 0, 6, 12, 4, 22
"/Users/philliphanson/Documents/Design/web/hson/hson-demo2/vite.config.ts", "TypeScript", 0, 0, 0, 0, 0, 0, 0, 8, 1, 9
"/Users/philliphanson/Documents/Design/web/hson/hson-demo2/wrangler.jsonc", "JSON with Comments", 0, 0, 0, 0, 21, 0, 0, 0, 1, 22
"Total", "-", 103777, 2325, 7, 3483, 62, 3691, 268, 1951, 14063, 129627